track_id,time,x,y,vx,vy
0,0.0,0.6331277517460417,0.44218498172757964,0.0,0.0
0,0.01,0.6370450898417276,0.46491768354521124,0.39173380956858406,2.2732701817631593
0,0.02,0.6410433876913779,0.49035133483967724,0.3998297849650334,2.5433651294466006
0,0.03,0.6447400993961334,0.5170299803384084,0.36967117047554954,2.6678645498731166
0,0.04,0.6480346410050449,0.5442662362006639,0.32945416089115165,2.723625586225553
0,0.05,0.6510279337774844,0.5716128554869322,0.29932927724394265,2.734661928626825
0,0.06,0.6539477606353794,0.5987193743567767,0.2919826857895047,2.71065188698445
0,0.07,0.6570530832089722,0.6253319689591433,0.31053225735927503,2.6612594602366646
0,0.08,0.6605396255888039,0.6513267529090899,0.3486542379831703,2.5994783949946587
0,0.09,0.6644798205210302,0.6767269266019634,0.3940194932226304,2.5400173692873507
0,0.1,0.6688135314110004,0.7016849366704588,0.4333710889970255,2.4958010068495406
0,0.11,0.6733790735080335,0.7264328254661901,0.4565542097033082,2.474788879573131
0,0.12,0.6779555281894967,0.7512222040637329,0.4576454681463171,2.478937859754271
0,0.13,0.6822924429620415,0.7762752400187403,0.4336914772544831,2.5053035955007408
0,0.14,0.6861274315488226,0.8017531877790242,0.38349885867811073,2.547794776028389
0,0.15,0.6892080404822787,0.8277398598922561,0.3080608933456075,2.5986672113231912
0,0.16,0.6913306619245102,0.8542357558473255,0.21226214422315204,2.6495895955069404
0,0.17,0.6923916230042128,0.8811575053898885,0.10609610797025493,2.692174954256299
0,0.18,0.6924285315807258,0.9083437266321278,0.0036908576513061675,2.718622124223935
0,0.19,0.6916285005983273,0.9355725992031722,-0.08000309823985585,2.722887257104434
0,0.2,0.6902957128084674,0.96259440060532,-0.13327877898599017,2.7021801402147827
0,0.21,0.6887907746150053,0.9891755342122711,-0.1504938193462091,2.6581133606951135
0,0.22,0.6874587675711814,1.0151443397798716,-0.13320070438238574,2.5968805567600506
0,0.23,0.6865586449146793,1.0404264693004244,-0.09001226565020781,2.5282129520552754
0,0.24,0.6862058350232012,1.0650597730897056,-0.0352809891478123,2.463330378928119
0,0.25,0.686342806818304,1.0891848539075533,0.013697179510274715,2.41250808178477
0,0.26,0.6867489874218937,1.113011134549316,0.04061806035897675,2.3826280641762843
0,0.27,0.6870869751911249,1.1367619240009403,0.03379877692312183,2.3750789451624232
0,0.28,0.6869767928544984,1.1606125876201694,-0.011018233662651866,2.385066361922905
0,0.29,0.6860841480095475,1.184646845939622,-0.0892644844950885,2.4034258319452606
0,0.3,0.6841908536018741,1.2088524531241185,-0.18932944076733849,2.420560718449649
0,0.31,0.6812061370178617,1.2331504308895864,-0.2984716584012448,2.4297977765467937
0,0.32,0.6770629177085894,1.2574171439063562,-0.4143219309272306,2.4266713016769748
0,0.33,0.6713749013723568,1.281424218534747,-0.5688016336232615,2.400707462839091
0,0.34,0.662541336732682,1.3045764971393878,-0.8833564639674774,2.3152278604640752
0,0.35000000000000003,0.6509436593339505,1.3262730611661129,-1.159767739873152,2.169656402672504
0,0.36,0.6390085003822608,1.3477706129412164,-1.1935158951689728,2.1497551775103485
0,0.37,0.6277807494412192,1.3696273249454478,-1.1227750941041559,2.185671200423145
0,0.38,0.6176889413644159,1.392134907218298,-1.0091808076803321,2.2507582272850213
0,0.39,0.6087872591088279,1.4154543128777202,-0.8901682255587962,2.3319405659422143
0,0.4,0.6008259010031699,1.4396116900273572,-0.7961358105658012,2.415737714963706
0,0.41000000000000003,0.5933352883189021,1.464409774533759,-0.7490612684267761,2.479808450640175
0,0.42,0.5938178834116404,1.4644304683552767,0.04825950927382916,0.002069382151770327
0,0.43,0.5946064108506273,1.464672307385716,0.07885274389868302,0.024183903043928368
0,0.44,0.5956133998412024,1.465213565707362,0.10069889905751639,0.054125832164597654
0,0.45,0.5968056119493712,1.4660621989964167,0.11922121081687775,0.08486332890547121
0,0.46,0.5981758328423684,1.4671949959627748,0.13702208929972093,0.11327969663581516
0,0.47000000000000003,0.5997201822705306,1.4685852727018405,0.15443494281621728,0.13902767390656656
0,0.48,0.6014126538608147,1.4702281103074677,0.16924715902840726,0.16428376056272231
0,0.49,0.6032271150828062,1.4721187031386314,0.18144612219915812,0.18905928311636622
0,0.5,0.6051372455393487,1.4742522997609768,0.19101304565424249,0.21335966223454683
0,0.51,0.6071164662533942,1.4766241461007543,0.19792207140455487,0.23718463397774947
0,0.52,0.6091378639199323,1.4792294305563196,0.20213976665380828,0.2605284455565293
0,0.53,0.6111741140402678,1.4820632307815802,0.2036250120335481,0.28338002252605854
0,0.54,0.6131974068228553,1.4851204618202167,0.20232927825875047,0.3057231038636532
0,0.55,0.6151793797285238,1.4883958252211067,0.19819729056684832,0.32753634008899635
0,0.56,0.617091060563485,1.4918837586972757,0.19116808349611825,0.3487933476169047
0,0.5700000000000001,0.6189028250831277,1.495578385797459,0.18117645196427112,0.3694627100183201
0,0.58,0.6205843731622301,1.4994734649369375,0.16815480791024795,0.3895079139478508
0,0.59,0.6221047277084282,1.5035623369802802,0.15203545461980328,0.40888720433427395
0,0.6,0.6234322606375264,1.5078378703822006,0.1327532929098263,0.42755334019204394
0,0.61,0.624567670093441,1.512277170968835,0.11354094559146155,0.44393005866343316
0,0.62,0.6255717579080973,1.5168391137730246,0.10040878146562182,0.4561942804189645
0,0.63,0.626516246714592,1.5214796524262586,0.0944488806494781,0.46405386532339943
0,0.64,0.6274462282890186,1.5261592463767135,0.0929981574426586,0.4679593950454919
0,0.65,0.6283684963449004,1.530845150460731,0.0922268055881803,0.4685904084017478
0,0.66,0.6292491537339878,1.5355118736656874,0.08806573890873803,0.46667232049564245
0,0.67,0.6300173555490849,1.5401404340137395,0.07682018150970693,0.46285603480520354
0,0.68,0.6305806191689474,1.5447153316096747,0.05632636198624752,0.45748975959352123
0,0.6900000000000001,0.6308839796572978,1.5492128213849194,0.030336048835044593,0.44974897752447784
0,0.7000000000000001,0.630992785916229,1.5535957502919686,0.010880625893117113,0.4382928907049166
0,0.71,0.6309942042813205,1.5578263868744526,0.00014183650914878498,0.42306365824840153
0,0.72,0.6309539439883587,1.5618665053053156,-0.004026029296178013,0.4040118430862938
0,0.73,0.6309102095004497,1.565677479513163,-0.004373448790895296,0.3810974207847373
0,0.74,0.6308794349738895,1.569220386968875,-0.0030774526560195525,0.3542907455712063
0,0.75,0.6308649160209383,1.5724561209695427,-0.001451895295123684,0.3235734000667678
0,0.76,0.6308640394492803,1.575345509449189,-8.765716580372285e-05,0.2889388479646371
0,0.77,0.6308727089610148,1.5778494374621717,0.0008669511734504809,0.25039280129826036
0,0.78,0.6308870016420659,1.579928969522283,0.001429268105113124,0.20795320601112444
0,0.79,0.6309067921446405,1.581545466935898,0.0019790502574612567,0.16164974136150256
0,0.8,0.6309320703296132,1.5826606941398955,0.0025278184972665763,0.1115227203997593
0,0.81,0.6309561814373255,1.5832369068454961,0.002411110771227687,0.057621270560059834
0,0.8200000000000001,0.6309561791376155,1.5832369135014608,-2.2997099780042163e-07,6.655964668311753e-07
0,0.8300000000000001,0.6315783311015581,1.5843550609109973,0.062215196394266314,0.11181474095365296
0,0.84,0.6327021466248229,1.5865337361930882,0.11238155232647928,0.2178675282090925
0,0.85,0.6342073853946821,1.5897167834002954,0.15052387698591962,0.318304720720719
0,0.86,0.6359740801499459,1.5938492027972484,0.1766694755263809,0.4132419396952969
0,0.87,0.6378826035727807,1.5988767494057357,0.19085234228347625,0.5027546608487254
0,0.88,0.6398137765785517,1.6047454496060527,0.19311730057709475,0.5868700200317045
0,0.89,0.6416490153942268,1.611401053208811,0.18352388156751553,0.6655603602758298
0,0.9,0.6432705149639474,1.6187884371223311,0.16214995697205747,0.7387383913520118
0,0.91,0.6445614662781856,1.6268509755411007,0.12909513142381757,0.8062538418769583
0,0.92,0.6454063051772332,1.635529890471165,0.08448388990476285,0.8678914930064341
0,0.93,0.6456909900178823,1.6447635953875681,0.02846848406491409,0.9233704916403074
0,0.9400000000000001,0.6453033053016598,1.6544870438850985,-0.0387684716222525,0.9723448497530374
0,0.9500000000000001,0.6441331879318121,1.6646310943344913,-0.1170117369847734,1.0144050449392816
0,0.96,0.6420730721827456,1.6751219007902538,-0.20601157490665045,1.0490806455762502
0,0.97,0.6390182487187486,1.6858803397128768,-0.3054823463996992,1.075843892262296
0,0.98,0.6348672320783498,1.6968214814682026,-0.41510166403987414,1.094114175532579
0,0.99,0.6295221299376152,1.707854115052671,-0.5345102140734581,1.1032633584468376
0,1.0,0.6228890061726391,1.7188803340692675,-0.6633123764976157,1.1026219016596617
0,1.01,0.6148782282531109,1.729795191650883,-0.80107779195282,1.0914857581615367
0,1.02,0.6054047878123099,1.740486431802059,-0.9473440440801006,1.0691240151176062
0,1.03,0.5943885813543897,1.7508343045134263,-1.101620645792023,1.0347872711367279
0,1.04,0.5817546359810837,1.760711472001108,-1.2633945373305977,0.9877167487681637
0,1.05,0.5674332627547143,1.7699830135387908,-1.4321373226369394,0.9271541537682948
0,1.06,0.5513601178748709,1.778506536581122,-1.6073144879843348,0.852352304233106
0,1.07,0.5336113270452146,1.7863012399563603,-1.7748790829656302,0.7794703375238354
0,1.08,0.514268198979654,1.7933795298856294,-1.93431280655606,0.7078289929269177
0,1.09,0.49341700364849744,1.7997475446539415,-2.085119533115659,0.6368014768312058
0,1.1,0.4711486613311929,1.8054057360417621,-2.226834231730457,0.5658191387820644
0,1.11,0.447558363528968,1.8103494936674525,-2.359029780222488,0.4943757625690326
0,1.12,0.42274514403584995,1.814569798591919,-2.481321949311804,0.4220304924466456
0,1.1300000000000001,0.3968114157879293,1.8180538926463266,-2.593372824792067,0.3484094054407638
0,1.1400000000000001,0.36986248652839904,1.8207859499655528,-2.694892925953024,0.2732057319226211
0,1.1500000000000001,0.3420060638592548,1.82274773714173,-2.785642266914423,0.1961787176177232
0,1.16,0.31335175791958725,1.8239192482426465,-2.8654305939667557,0.11715111009165113
0,1.17,0.2840317326952107,1.8243856074242386,-2.9320025224376542,0.0466359181592102
0,1.18,0.25417908843441406,1.8242868881587069,-2.9852644260796644,-0.00987192655317326
0,1.19,0.22392739815152493,1.8237631657281035,-3.0251690282889125,-0.05237224306033905
0,1.2,0.19341025311882667,1.8229550171857087,-3.0517145032698254,-0.08081485423947488
0,1.21,0.1627608159233925,1.8220039709980522,-3.064943719543417,-0.09510461876565124
0,1.22,0.16288871997906396,1.822588963351879,0.012790405567145169,0.05849923538268076
0,1.23,0.16313025537631057,1.8232938018702443,0.024153539724661166,0.0704838518365225
0,1.24,0.16347122909689,1.8239682731962024,0.03409737205794239,0.06744713259581037
0,1.25,0.16389753640002044,1.8246188580162745,0.042630730313045206,0.06505848200721864
0,1.26,0.1643951783338353,1.8252537861990958,0.04976419338148519,0.06349281828212927
0,1.27,0.1649502882732866,1.825880659688379,0.05551099394512926,0.06268734892831418
0,1.28,0.16554916755697882,1.826506392489069,0.0598879283692233,0.06257328006900043
0,1.29,0.16617833025083956,1.8271371696927503,0.06291626938607353,0.06307772036813208
0,1.3,0.16682455699860016,1.8277784211189665,0.06462267477606032,0.06412514262161828
0,1.31,0.16747495782579905,1.8284348056015047,0.06504008271988881,0.06563844825382414
0,1.32,0.1681170436444011,1.8291102024011678,0.06420858186020617,0.06753967996631083
0,1.33,0.16873880605911684,1.8298077066764056,0.06217624147157319,0.0697504275237737
0,1.34,0.16932880490509064,1.8305296263898765,0.058999884597379926,0.07219197134709088
0,1.35,0.16987626275187884,1.8312774784738683,0.05474578467881963,0.07478520839918623
0,1.36,0.17037116539373712,1.832051982523162,0.049490264185828026,0.07745040492936894
0,1.37,0.17080436711553157,1.8328530507339118,0.04332017217944517,0.08010682107497669
0,1.3800000000000001,0.17116769928261188,1.8336797732655215,0.03633321670803158,0.08267225316096471
0,1.3900000000000001,0.17145408055847752,1.8345303986734272,0.02863812758656381,0.0850625407905703
0,1.4000000000000001,0.17165762681396501,1.835402309547944,0.020354625548749117,0.08719108745167681
0,1.41,0.17177375856508034,1.8362919940009492,0.011613175111532814,0.08896844530053016
0,1.42,0.17179930357368267,1.8371950141699638,0.0025545008602329,0.09030201690145567
0,1.43,0.17173259207716152,1.83810597345837,-0.00667114965211546,0.09109592884062323
0,1.44,0.17157354199203104,1.8390184847991953,-0.01590500851304799,0.09125113408252616
0,1.45,0.17132373137460938,1.8399251428136354,-0.024981061742165855,0.09066580144401204
0,1.46,0.17098645543264024,1.8408175033268903,-0.03372759419691396,0.08923605132549195
0,1.47,0.1705667654778896,1.8416860742919963,-0.04196899547506405,0.08685709651059526
0,1.48,0.17007148740415992,1.8425203227423845,-0.04952780737296769,0.08342484503882641
0,1.49,0.1695092175798567,1.8433087029267052,-0.056226982430321315,0.07883801843207028
0,1.5,0.1688902944701326,1.8440387112512229,-0.06189231097241121,0.07300083245176392
0,1.51,0.16822674486005193,1.8446969740369825,-0.06635496100806659,0.06582627857596446
0,1.52,0.16753220424443707,1.8452693743570006,-0.06945406156148581,0.05724003200180405
0,1.53,0.16682181178685912,1.845741224313684,-0.07103924575779519,0.04718499566833678
0,1.54,0.1661120812315122,1.8460974890042283,-0.07097305553469269,0.03562646905443945
0,1.55,0.16542075027614342,1.8463230680526992,-0.06913309553687741,0.022557904847086974
0,1.56,0.16476661217707778,1.8464031399085266,-0.06541380990656431,0.008007185582736831
0,1.57,0.16416933475049736,1.8463807990429368,-0.059727742658041705,-0.0022340865589720593
0,1.58,0.16364927344603625,1.8463120587301616,-0.05200613044611113,-0.006874031277526171
0,1.59,0.16322728678506487,1.8462438050179706,-0.042198666097137405,-0.006825371219099097
0,1.6,0.1629245641601898,1.8462043650158513,-0.030272262487507362,-0.003944000211930643
0,1.61,0.16276247776672043,1.8461981551333504,-0.016208639346937392,-0.0006209882500884945
0,1.62,0.16276247226357282,1.8461981555789602,-5.503147604279945e-07,4.456097713045892e-08
0,1.6300000000000001,0.162384955122565,1.8462238627648102,-0.03775171410078104,0.00257071858500435
0,1.6400000000000001,0.1615978936543682,1.8462954925032797,-0.07870614681968202,0.007162973846952525
0,1.6500000000000001,0.1603690422932677,1.8464111426719405,-0.12288513611004859,0.011565016866077471
0,1.6600000000000001,0.1586661569290284,1.8465468984790632,-0.17028853642392927,0.013575580712266166
0,1.67,0.15645729280091283,1.8466525174843367,-0.22088641281155785,0.01056190052735051
0,1.68,0.1537111662062715,1.846645829747146,-0.2746126594641324,-0.0006687737190702592
0,1.69,0.15039756220258085,1.8464143817526988,-0.33136040036906567,-0.0231447994447187
0,1.7,0.14648777237739088,1.8458393229101986,-0.3909789825189969,-0.05750588425001979
0,1.71,0.14195504861220637,1.8448652155647,-0.45327237651845154,-0.09741073454985205
0,1.72,0.13677506055938463,1.843436616097228,-0.5179988052821743,-0.14285994674720914
0,1.73,0.13092634627132171,1.8414980543864168,-0.5848714288062912,-0.1938561710811193
0,1.74,0.12439074705531926,1.8389941307669688,-0.6535599216002455,-0.25039236194479564
0,1.75,0.11715381916434439,1.8358697077834938,-0.7236927890974867,-0.3124422983475039
0,1.76,0.10920521636466629,1.8320701750650343,-0.7948602799678101,-0.3799532718459453
0,1.77,0.1005390387401441,1.8275417668934335,-0.8666177624522194,-0.45284081716008284
0,1.78,0.09115414429680503,1.82223191345355,-0.9384894443339065,-0.5309853439883438
0,1.79,0.08105442102041585,1.8160896082906774,-1.009972327638918,-0.6142305162872619
0,1.8,0.07024901801723347,1.8090657761229925,-1.0805403003182377,-0.7023832167684985
0,1.81,0.05875253524035638,1.8011136268312042,-1.1496482776877093,-0.7952149291788224
0,1.82,0.046585169528650806,1.7921889875426034,-1.2167365711705576,-0.8924639288600877
0,1.83,0.03379546348055125,1.7822167094178987,-1.2789706048099556,-0.9972278124704692
0,1.84,0.020372480947934903,1.7712224527468892,-1.3422982532616345,-1.0994256671009506
0,1.85,0.006311066819872272,1.7592352609851112,-1.406141412806263,-1.1987191761777982
0,1.86,-0.00838818186948594,1.7462877337742375,-1.469924868935821,-1.2947527210873666
0,1.87,-0.023718968284693148,1.7324161241515135,-1.5330786415207207,-1.3871609622724046
0,1.8800000000000001,-0.0396693764041214,1.71766036862897,-1.5950408119428254,-1.475575552254349
0,1.8900000000000001,-0.05622198414803822,1.7020640594775889,-1.655260774391682,-1.5596309151381105
0,1.9000000000000001,-0.07335401267916726,1.6856743689925437,-1.7132028531129038,-1.6389690485045127
0,1.9100000000000001,-0.09103751494252824,1.6685419357436404,-1.7683502263360975,-1.7132433248903345
0,1.92,-0.10923960590020972,1.6507207228288887,-1.820209095768148,-1.7821212914751694
0,1.93,-0.12792273627795867,1.6322678579448322,-1.8683130377748949,-1.8452864884056508
0,1.94,-0.14704501096336806,1.6132434646576626,-1.912227468540939,-1.902439328716965
0,1.95,-0.16656055246779586,1.5937104935937652,-1.9515541504427802,-1.9532971063897397
0,1.96,-0.1864199090722972,1.573734561353408,-1.9859356604501333,-1.9975932240357208
0,1.97,-0.20657050640683,1.5533838037704204,-2.015059733453281,-2.0350757582987544
0,1.98,-0.22695714024575608,1.5327287486753538,-2.038663383892608,-2.06550550950666
0,1.99,-0.24752250722439645,1.511842211550106,-2.0565366978640363,-2.0886537125247795
0,2.0,-0.26820776897397236,1.4907992153682972,-2.068526174957591,-2.1042996181808826
0,2.0100000000000002,-0.2889531438187453,1.4696769334784665,-2.0745374844772955,-2.1122281889830674
0,2.02,-0.28883211295071853,1.470480775573354,0.012103086802678353,0.08038420948874858
0,2.0300000000000002,-0.2886732691230968,1.4713295458488767,0.0158843827621713,0.0848770275522659
0,2.04,-0.28845948427712653,1.4725900418985323,0.021378484597028846,0.12604960496556128
0,2.05,-0.2882070473662626,1.4742540389705465,0.025243691086390685,0.1663997072014256
0,2.06,-0.28793225143845924,1.4763133407456557,0.027479592780338402,0.2059301775109157
0,2.07,-0.2876514176344558,1.4787596406029169,0.028083380400345526,0.24462998572611916
0,2.08,-0.2873809189023619,1.4815843610597488,0.02704987320938934,0.28247204568319084
0,2.09,-0.28713720195498926,1.4847784759459155,0.024371694737262972,0.3194114886166721
0,2.1,-0.2869368060119793,1.4883323198787275,0.020039594300996777,0.35538439328119953
0,2.11,-0.28679637689435733,1.4922353896263518,0.01404291176219652,0.39030697476243326
0,2.12,-0.28673267507871486,1.4964761419758714,0.006370181564246957,0.4240752349519594
0,2.13,-0.2867625763760362,1.5010417927595008,-0.0029901297321333065,0.456565078362936
0,2.14,-0.2869030639804937,1.5059181217316946,-0.014048760445750652,0.4876328972193811
0,2.15,-0.28717121074024804,1.5110892880257292,-0.026814675975433966,0.5171166294034579
0,2.16,-0.2875841506385636,1.5165376609427477,-0.04129398983155341,0.5448372917018496
0,2.17,-0.288159038641295,1.5222436708292335,-0.05748880027314218,0.5706009886485841
0,2.18,-0.2889129982660473,1.5281856847679096,-0.07539596247523317,0.5942013938676105
0,2.19,-0.28986305645655197,1.5343399117270542,-0.09500581905046435,0.6154226959144582
0,2.2,-0.29102606559714417,1.540680341666094,-0.11630091405921972,0.6340429939039716
0,2.21,-0.2922965290923508,1.5471970594729771,-0.1270463495206653,0.6516717806883232
0,2.22,-0.29356850559331144,1.5538779392691204,-0.12719765009606143,0.6680879796143291
0,2.23,-0.294939591625074,1.560668103020295,-0.13710860317625584,0.6790163751174472
0,2.24,-0.29677353851254046,1.567457537385226,-0.18339468874664644,0.6789434364931068
0,2.25,-0.2996468533062798,1.5740918243377378,-0.28733147937393677,0.6634286952511781
0,2.2600000000000002,-0.3035089255467024,1.5805507958216987,-0.3862072240422565,0.6458971483960907
0,2.27,-0.307825892169911,1.587054514195577,-0.4316966623208629,0.6503718373878309
0,2.2800000000000002,-0.3122918798383743,1.593668877084875,-0.44659876684632893,0.6614362889298064
0,2.29,-0.3169335121880741,1.6002357139885108,-0.4641632349699776,0.6566836903635798
0,2.3000000000000003,-0.3220919162130277,1.6063847425456819,-0.51584040249536,0.6149028557171032
0,2.31,-0.3281815653799016,1.611694667659223,-0.6089649166873934,0.5309925113541114
0,2.32,-0.33481177700579345,1.6164261691361468,-0.6630211625891835,0.4731501476923805
0,2.33,-0.34154153316484,1.6209123863262922,-0.6729756159046529,0.4486217190145414
0,2.34,-0.3481118704982286,1.6252112258878477,-0.6570337333388632,0.4298839561555523
0,2.35,-0.354472933756718,1.6290646101266706,-0.6361063258489397,0.38533842388228656
0,2.36,-0.3607252553074882,1.6319861218119927,-0.6252321550770212,0.29215116853220646
0,2.37,-0.3667714384766888,1.633782119187151,-0.6046183169200581,0.17959973751584535
0,2.38,-0.3722357441769125,1.6349295845501226,-0.5464305700223715,0.11474653629715004
0,2.39,-0.3767731999786888,1.6357415028855369,-0.453745580177628,0.08119183354142745
0,2.4,-0.38007731888163165,1.6363269533836926,-0.3304118902942854,0.058545049815572625
0,2.41,-0.3818659717529821,1.6366609854599818,-0.1788652871350438,0.03340320762892368
0,2.42,-0.38186597294353697,1.6366609855056855,-1.1905548769064467e-07,4.570366307632412e-09
0,2.43,-0.38109431759325396,1.635751669320809,0.0771655350283007,-0.09093161848765519
0,2.44,-0.37963881948049616,1.6339806252079163,0.14554981127578026,-0.1771044112892639
0,2.45,-0.3775852753422558,1.6313945662525853,0.20535441382403818,-0.25860589553310387
0,2.46,-0.3750173812399219,1.6280393165049802,0.25678941023338786,-0.3355249747605038
0,2.47,-0.3720166014799924,1.6239597811817572,0.3000779759929517,-0.4079535323223027
0,2.48,-0.36866200272040445,1.6191999044953822,0.33545987595879345,-0.47598766863750086
0,2.49,-0.36503006422164674,1.6138026183821688,0.3631938498757703,-0.539728611321344
0,2.5,-0.36119447360888535,1.607809785061117,0.3835590612761397,-0.5992833321051716
0,2.5100000000000002,-0.3572259160118342,1.6012621360145578,0.396855759705117,-0.6547649046559245
0,2.52,-0.3531918630565592,1.5941992096414923,0.40340529552749804,-0.7062926373065492
0,2.5300000000000002,-0.3491563669095048,1.5866592894991578,0.4035496147054396,-0.7539920142334511
0,2.54,-0.34517986342823237,1.5786793447222793,0.3976503481272431,-0.7979944776878467
0,2.5500000000000003,-0.3413189874626817,1.5702949738978824,0.3860875965550681,-0.8384370824396914
0,2.56,-0.3376264024796535,1.5615403533819907,0.3692584983028213,-0.8754620515891709
0,2.57,-0.33415064595352184,1.552448190778761,0.3475756526131635,-0.9092162603229648
0,2.58,-0.3309359913772228,1.5430496840682648,0.32146545762990475,-0.9398506710496246
0,2.59,-0.3280223272961496,1.533374486671575,0.2913664081073186,-0.9675197396689761
0,2.6,-0.3254450534481736,1.5234506785857456,0.2577273847976014,-0.9923808085829489
0,2.61,-0.32323499389780236,1.51330474361049,0.2210059550371235,-1.014593497525551
0,2.62,-0.32141832697152806,1.5029615526254112,0.18166669262743018,-1.0343190985078854
0,2.63,-0.3200165318227257,1.4924443528625202,0.14017951488023428,-1.0517199762891005
0,2.64,-0.31904635156408157,1.481774763152614,0.09701802586441488,-1.066958970990628
0,2.65,-0.3185197730876578,1.4709727752028858,0.05265784764237891,-1.0801987949728087
0,2.66,-0.3184440239297198,1.4600567610814927,0.007574915793795434,-1.0916014121393092
0,2.67,-0.3188215868100742,1.449043487234809,-0.037756288035439844,-1.1013273846683713
0,2.68,-0.31965023276298005,1.4379481355342012,-0.08286459529058265,-1.1095351700607825
0,2.69,-0.32092307405640463,1.4267843320282778,-0.1272841293424587,-1.1163803505923386
0,2.7,-0.32262863834494016,1.4155641842482376,-0.17055642885355216,-1.1220147780040213
0,2.71,-0.324750965694656,1.4042983280607557,-0.21223273497158468,-1.1265856187481882
0,2.72,-0.3272697302305939,1.392995985165976,-0.2518764535937912,-1.1302342894779827
0,2.73,-0.33016038816465454,1.3816650323782982,-0.28906579340606253,-1.1330952787677706
0,2.74,-0.3333943538391821,1.3703120837859826,-0.323396567452755,-1.1352948592315615
0,2.75,-0.33693920514721165,1.3589425867452756,-0.3544851308029562,-1.1369497040707
0,2.7600000000000002,-0.34075891924443674,1.3475609324126654,-0.3819714097225091,-1.138165433261018
0,2.77,-0.34481413883489853,1.3361705811473785,-0.40552195904617894,-1.1390351265286869
0,2.7800000000000002,-0.3490624684821704,1.3247742026257356,-0.42483296472718424,-1.139637852164288
0,2.79,-0.35345879936768954,1.3133738299102178,-0.4396330885519162,-1.140037271551786
0,2.8000000000000003,-0.35795565969432835,1.301971026033042,-0.44968603266388185,-1.1402803877175849
0,2.81,-0.362503586533955,1.290567060926604,-0.4547926839626626,-1.140396510643793
0,2.82,-0.3625186250055418,1.2905703798915984,-0.001503847158679239,0.0003318964994392104
0,2.83,-0.36254977649680076,1.290577159437231,-0.0031151491258984976,0.0006779545632662476
0,2.84,-0.36259812319726903,1.2905875430769032,-0.004834670046827139,0.0010383639672095768
0,2.85,-0.36266475082856475,1.2906016757995997,-0.006662763129572369,0.0014132722696569289
0,2.86,-0.36275074225293774,1.2906197034200562,-0.008599142437298868,0.0018027620456440019
0,2.87,-0.3628571688696431,1.290641771718836,-0.010642661670534626,0.002206829877993144
0,2.88,-0.3629850798718985,1.2906680253894252,-0.012791100225539864,0.0026253670589060363
0,2.89,-0.3631354894430461,1.2906986068087258,-0.015040957114759168,0.003058141930067926
0,2.9,-0.3633093619795347,1.2907336546461854,-0.017387253648859513,0.003504783745955642
0,2.91,-0.36350759544036604,1.2907733023250172,-0.019823346083136517,0.003964767883180009
0,2.92,-0.3637310029374028,1.2908176763463237,-0.02234074970367539,0.004437402130652579
0,2.93,-0.3639802926979279,1.290866894483142,-0.024928976052512875,0.0049218136818351965
0,2.94,-0.3642560465494199,1.2909210638462416,-0.027575385149197773,0.005416936309954323
0,2.95,-0.3645586970958832,1.2909802788165925,-0.030265054646327894,0.0059214970350884855
0,2.96,-0.36488850377436943,1.2910446188305384,-0.03298066784862552,0.006434001394595157
0,2.97,-0.3652455279986013,1.2911141459925621,-0.03570242242318944,0.006952716202368592
0,2.98,-0.3656296076129115,1.2911889024769074,-0.038407961431019544,0.007475648434529525
0,2.99,-0.3660403308930982,1.2912689076630324,-0.04107232801866534,0.00800051861249429
0,3.0,-0.3664770103404118,1.2913541549308174,-0.043667944731362596,0.00852472677850269
0,3.0100000000000002,-0.36693865651996505,1.2914446080196171,-0.04616461795532434,0.009045308879973568
0,3.02,-0.3674239521947955,1.2915401968307356,-0.0485295674830466,0.00955888111184855
0,3.0300000000000002,-0.36793126579706525,1.291640617478607,-0.05073136022697433,0.010042064787141314
0,3.04,-0.36845861280437936,1.291745397269053,-0.05273470073141051,0.010477979044587471
0,3.0500000000000003,-0.3690036215339304,1.291853941370456,-0.05450087295510442,0.010854410140304083
0,3.06,-0.36956350322569975,1.291965562566405,-0.05598816917693483,0.011162119594909647
0,3.0700000000000003,-0.3701350260369787,1.2920794965625222,-0.05715228112789239,0.011393399611714372
0,3.08,-0.37071449262603084,1.2921949048553554,-0.057946658905216886,0.011540829283318566
0,3.09,-0.3712977212311607,1.2923108658265299,-0.058322860512988184,0.011596097117450022
0,3.1,-0.3718800304292969,1.2924263531303684,-0.05823091981361772,0.01154873038384796
0,3.11,-0.3724562334776589,1.2925401714984712,-0.057620304836197844,0.011381836810286927
0,3.12,-0.37302061282056664,1.2926509974939027,-0.05643793429077615,0.011082599543144056
0,3.13,-0.37356689384596203,1.2927574287602464,-0.05462810253953898,0.010643126634368727
0,3.14,-0.3740882194323299,1.2928580334167763,-0.05213255863678601,0.010060465652994566
0,3.15,-0.374577125666122,1.2929513970447872,-0.048890623379210796,0.0093363628010934
0,3.16,-0.37502552034937514,1.2930361585037038,-0.044839468325313936,0.008476145891656017
0,3.17,-0.3754246674766612,1.293111018077952,-0.03991471272860592,0.007485957424813172
0,3.18,-0.3757651823192856,1.2931746943092803,-0.034051484262437315,0.006367623132841338
0,3.19,-0.3760370428410034,1.2932258006863555,-0.027186052171784825,0.005110637707517185
0,3.2,-0.376229622456614,1.2932626173201767,-0.019257961561058856,0.0036816633821157296
0,3.21,-0.3763317451063666,1.2932827535022149,-0.010212264975256735,0.002013618203822176
0,3.22,-0.3763317535191271,1.2932827483719251,-8.412760543752285e-07,-5.130289748578321e-07
0,3.23,-0.3762545665587534,1.2935166529853845,0.007718696037373185,0.02339046134594014
0,3.24,-0.3761217644434048,1.2939395449022009,0.013280211534860697,0.04228919168163259
0,3.25,-0.37595424285540546,1.2945065494582488,0.01675215879993197,0.05670045560479675
0,3.2600000000000002,-0.3757721684545304,1.2951728539661949,0.01820744008750874,0.0666304507946025
0,3.27,-0.3755949098682328,1.29589374460889,0.01772585862975795,0.07208906426952044
0,3.2800000000000002,-0.3754409473934044,1.2966246671464914,0.01539624748284063,0.07309225376013195
0,3.29,-0.3753277647159936,1.2973213125109617,0.011318267741078358,0.06966453644703385
0,3.3000000000000003,-0.3752717260105176,1.2979397282442582,0.0056038705475991435,0.06184157332964624
0,3.31,-0.3752879418175281,1.29843645653916,-0.0016215807010500072,0.04967282949017715
0,3.3200000000000003,-0.37539012711008046,1.2987686993574017,-0.01021852925523481,0.033224281824173474
0,3.33,-0.3755904549471124,1.2988945107247154,-0.02003278370319439,0.012581136731371068
0,3.34,-0.37589940906947256,1.2987730158355548,-0.030895412236014996,-0.012149488916057827
0,3.35,-0.3763256387204838,1.2983646560435942,-0.04262296510112451,-0.0408359791960633
0,3.36,-0.3768758188649347,1.2976314581721757,-0.05501801444509069,-0.07331978714184562
0,3.37,-0.3775545188361172,1.2965373258590118,-0.06786999711824726,-0.10941323131639091
0,3.38,-0.378364082258188,1.2950483498614274,-0.08095634220708359,-0.1488975997584463
0,3.39,-0.3793045208694255,1.2931331334044673,-0.0940438611237493,-0.19152164569600227
0,3.4,-0.38037342461018203,1.2907631277687301,-0.10689037407565216,-0.23700056357371935
0,3.41,-0.38156589003755953,1.287912972404432,-0.11924654273774982,-0.28501553642981126
0,3.42,-0.38287446878800385,1.2845608329414728,-0.13085787504443225,-0.3352139462959203
0,3.43,-0.3842891374311232,1.2806887295625757,-0.14146686431193434,-0.3872103378897096
0,3.44,-0.38579728964624777,1.2762828473399188,-0.15081522151245697,-0.44058822226569205
0,3.45,-0.3873837512119872,1.2713338193287258,-0.15864615657394388,-0.4949028011193013
0,3.46,-0.38903081783406257,1.2658369724889869,-0.1647066622075366,-0.5496846839738945
0,3.47,-0.39071831535504126,1.259792525895203,-0.1687497520978687,-0.6044446593783892
0,3.48,-0.3924236813995736,1.2532057302212622,-0.17053660445323637,-0.6586795673940715
0,3.49,-0.39412206701963876,1.2460869371818735,-0.16983856200651348,-0.7118793039388782
0,3.5,-0.3957864564262369,1.2384515875030049,-0.16643894065981324,-0.7635349678868586
0,3.5100000000000002,-0.39738780243732386,1.2303201061120461,-0.16013460110869682,-0.8131481390958761
0,3.52,-0.3989059463760091,1.2217204447495105,-0.1518143938685268,-0.8599661362535649
0,3.5300000000000002,-0.400317901950225,1.2126847893796813,-0.14119555742158618,-0.9035655369829199
0,3.54,-0.4016065138625953,1.203250808495328,-0.1288611912370341,-0.9433980884353321
0,3.5500000000000003,-0.4027781125339719,1.1934645678347338,-0.11715986713765614,-0.9786240660594192
0,3.56,-0.40385057013843007,1.1833754476671436,-0.10724576044581768,-1.0089120167590115
0,3.5700000000000003,-0.40484089703538817,1.173034817501579,-0.09903268969581047,-1.0340630165564635
0,3.58,-0.40576551483312195,1.162495129187939,-0.09246177977337844,-1.0539688313639939
0,3.59,-0.40664054330665017,1.1518089041683741,-0.08750284735282166,-1.0686225019564954
0,3.6,-0.40748209960178505,1.1410276263781152,-0.0841556295134882,-1.0781277790258947
0,3.61,-0.40830660773594224,1.1302005563028013,-0.0824508134157187,-1.0827070075313916
0,3.62,-0.4082720388125909,1.1301986670049304,0.003456892335135242,-0.00018892978708162644
0,3.63,-0.408205970504099,1.1301926429937712,0.0066068308491873395,-0.0006024011159233567
0,3.64,-0.40811124015896916,1.1301812855633433,0.009473034512985645,-0.0011357430427905157
0,3.65,-0.4079904965784093,1.1301641970119134,0.012074358055985668,-0.0017088551429900178
0,3.66,-0.40784624128372887,1.1301415350468718,0.014425529468042875,-0.002266196504163709
0,3.67,-0.4076808616169988,1.1301137999798199,0.01653796667300811,-0.002773506705189277
0,3.68,-0.4074966918069162,1.1300814765033664,0.01841698100825684,-0.003232347645343303
0,3.69,-0.4072960026094168,1.1300450330145677,0.020068919749943737,-0.0036443488798720836
0,3.7,-0.4070809911111122,1.1300049216234842,0.021501149830460697,-0.004011139108350825
0,3.71,-0.40685377125121663,1.1299615788167734,0.02272198598955444,-0.004334280671081103
0,3.72,-0.4066163655499426,1.1299154267434683,0.023740570127400717,-0.004615207330505022
0,3.73,-0.4063706984539836,1.1298668750839023,0.024566709595902347,-0.004855165956607621
0,3.74,-0.4061185916242258,1.1298163234526613,0.02521068297577922,-0.0050551631241013695
0,3.75,-0.4058617613991682,1.1297641642722662,0.025683022505762487,-0.0052159180395028315
0,3.7600000000000002,-0.40560181857188793,1.1297107860359048,0.02599428272802573,-0.005337823636142325
0,3.77,-0.4053402705211437,1.129656576855077,0.026154805074424248,-0.005420918082776893
0,3.7800000000000002,-0.4050785256408015,1.1296019281617407,0.026174488034219623,-0.005464869333637878
0,3.79,-0.40481789991860606,1.1295472384048912,0.02606257221954289,-0.005468975684941313
0,3.8000000000000003,-0.4045596254276784,1.1294929165490524,0.025827449092763466,-0.005432185583886806
0,3.81,-0.4043048604140517,1.1294393851476225,0.0254765013626701,-0.005353140142982937
0,3.8200000000000003,-0.4040547005928255,1.129387082728292,0.02501598212262257,-0.005230241933062985
0,3.83,-0.40381021428834135,1.1293363491422328,0.024448630448414832,-0.0050733586059115154
0,3.84,-0.40357244933404063,1.1292874529066825,0.02377649543007232,-0.004889623555026645
0,3.85,-0.40334244115564305,1.1292406095730665,0.023000817839757826,-0.0046843333616042315
0,3.86,-0.40312122178260734,1.129195989215272,0.022121937303570816,-0.004462035779440043
0,3.87,-0.40290982937419506,1.1291537118479917,0.02113924084122809,-0.004227736728035225
0,3.88,-0.402709317654162,1.1291138305330264,0.02005117200330475,-0.003988131496535097
0,3.89,-0.40252075801707204,1.1290763353098034,0.018855963708996892,-0.0037495223222938634
0,3.9,-0.4023452315403654,1.1290411887021579,0.017552647670665555,-0.0035146607645586414
0,3.91,-0.40218381706189665,1.129008358821443,0.016141447846873547,-0.0032829880714846382
0,3.92,-0.4020375716067246,1.1289778659186875,0.0146245455172056,-0.003049290275547456
0,3.93,-0.40190749974587703,1.1289498569480738,0.013007186084756928,-0.0028008970613724316
0,3.94,-0.4017945096241316,1.1289247171365933,0.011299012174542655,-0.0025139811480556773
0,3.95,-0.40169935582981925,1.128903215559874,0.00951537943123526,-0.0021501576719318294
0,3.96,-0.4016225735545175,1.128886660494149,0.007678227530172332,-0.0016555065724954687
0,3.97,-0.4015644150985562,1.1288770073596748,0.005815845596129909,-0.0009653134474207903
0,3.98,-0.4015215838470781,1.1288719152690678,0.0042831251478137045,-0.0005092090606950705
0,3.99,-0.401490024994057,1.128867952741647,0.00315588530210853,-0.00039625274208532346
0,4.0,-0.40146708363877925,1.1288629357260707,0.002294135527775021,-0.0005017015576314066
0,4.01,-0.40145319562541915,1.1288577322915987,0.0013888013360108253,-0.0005203434471967583
0,4.0200000000000005,-0.4014531935383527,1.1288577338580243,2.0870664640959546e-07,1.5664256558522993e-07
0,4.03,-0.40147016683919723,1.128926771870374,-0.0016973300844547179,0.006903801234958706
0,4.04,-0.40149141159970053,1.1290540447353807,-0.0021244760503302818,0.012727286500680002
0,4.05,-0.4015093528799362,1.1292287074812506,-0.0017941280235689305,0.017466274586985797
0,4.0600000000000005,-0.40152010487539047,1.1294398599154882,-0.0010751995454250096,0.021115243423763808
0,4.07,-0.40152208882666796,1.1296765343258053,-0.00019839512774844081,0.02366744103170504
0,4.08,-0.40151495918949626,1.1299276842249835,0.0007129637171698899,0.025114989917818242
0,4.09,-0.40149896621143527,1.1301821756965293,0.0015992978060985763,0.025449147154588125
0,4.1,-0.4014748083114513,1.1304287829338724,0.0024157899983945352,0.02466072373430439
0,4.11,-0.4014441230383842,1.1306561895755345,0.003068527306709923,0.02274066416620979
0,4.12,-0.40141052334841004,1.1308529974161328,0.0033599689974184166,0.01968078405982787
0,4.13,-0.4013809951595891,1.1310077440126083,0.0029528188820959755,0.015474659647551903
0,4.14,-0.4013674755663096,1.1311089306017172,0.0013519593279498476,0.010118658910895917
0,4.15,-0.40138828049290065,1.1311450615943943,-0.002080492659106703,0.003613099267707476
0,4.16,-0.40146883507051717,1.131104696712078,-0.008055457761652063,-0.004036488231640156
0,4.17,-0.4016408854257992,1.1309765165777321,-0.01720503552820052,-0.012818013434579001
0,4.18,-0.4019390649804389,1.1307494022699427,-0.029817955463973256,-0.02271143077894333
0,4.19,-0.4023934133249573,1.1304125289937172,-0.04543483445184071,-0.03368732762254467
0,4.2,-0.40301630862836535,1.1299554736200073,-0.06228953034080331,-0.04570553737099914
0,4.21,-0.4038196269617334,1.1293683354031614,-0.08033183333680527,-0.058713821684586165
0,4.22,-0.4048145778371198,1.1286418687093782,-0.09949508753864245,-0.07264666937831787
0,4.23,-0.4060115164155793,1.1277676260899256,-0.11969385784594833,-0.08742426194525699
0,4.24,-0.407419737761632,1.1267381095228903,-0.14082213460526738,-0.10295165670353157
0,4.25,-0.40904725863250063,1.125546927141219,-0.16275208708686484,-0.1191182381671263
0,4.26,-0.4109005924149964,1.1241889522796094,-0.18533337824957474,-0.1357974861609712
0,4.2700000000000005,-0.4129845229400513,1.1226604812270973,-0.20839305250549,-0.15284710525120815
0,4.28,-0.4153018829908405,1.1209593856861961,-0.23173600507891967,-0.1701095540901143
0,4.29,-0.4178533433497455,1.119085255634606,-0.2551460358905022,-0.1874130051590095
0,4.3,-0.42063721817578337,1.1170395280838896,-0.2783874826037869,-0.2045727550716414
0,4.3100000000000005,-0.4236492923413255,1.1148255971532814,-0.3012074165542111,-0.22139309306081767
0,4.32,-0.42688267605969943,1.1124489009475653,-0.323338371837395,-0.23766962057161223
0,4.33,-0.4303276916802541,1.1099169809660487,-0.3445015620554659,-0.2531919981516584
0,4.34,-0.4339717968941128,1.1072395101934032,-0.3644105213858717,-0.2677470772645574
0,4.3500000000000005,-0.4377995477652307,1.1044282866481334,-0.38277508711179187,-0.28112235452697476
0,4.36,-0.44179260396498793,1.101497190002849,-0.39930561997572056,-0.2931096645284459
0,4.37,-0.44592977733687134,1.098462099950537,-0.4137173371883407,-0.30350900523119506
0,4.38,-0.45018712344867934,1.0953407762764966,-0.42573461118080025,-0.3121323674040388
0,4.39,-0.45453807410644365,1.092152702105772,-0.43509506577643076,-0.3188074170724642
0,4.4,-0.45895360691536186,1.0889188935257241,-0.441553280891821,-0.3233808580047848
0,4.41,-0.46340244589126267,1.085661680724019,-0.4448838975900815,-0.32572128017052115
0,4.42,-0.46343717037695265,1.0856725755961951,-0.0034724485689974216,0.0010894872176203663
0,4.43,-0.4635015795257898,1.0856924979319957,-0.006440914883715232,0.0019922335800615087
0,4.44,-0.4635906644307641,1.0857196329010856,-0.008908490497427923,0.002713496908990365
0,4.45,-0.463699481796212,1.085752210286173,-0.010881736544793297,0.003257738508732899
0,4.46,-0.4638231962419385,1.0857885064796728,-0.012371444572650825,0.0036296193499874008
0,4.47,-0.46395712319105775,1.085826861272243,-0.013392694911923408,0.0038354792570194363
0,4.48,-0.46409676874781663,1.0858657070237414,-0.01396455567588828,0.0038845751498373104
0,4.49,-0.46423786554741703,1.085903602954613,-0.014109679960039312,0.0037895930871556516
0,4.5,-0.4643764001579071,1.085939267983241,-0.013853461049007088,0.00356650286279514
0,4.51,-0.4645086303871328,1.0859716045456451,-0.013223022922570493,0.0032336562404200464
0,4.5200000000000005,-0.4646310994034983,1.085999713517308,-0.012246901636547847,0.002810897166294346
0,4.53,-0.46474064209609917,1.0860228959856069,-0.010954269260088356,0.002318246829879911
0,4.54,-0.4648343804449684,1.086040640409166,-0.009373834886922117,0.0017744423559173939
0,4.55,-0.4649097121821697,1.0860525996135928,-0.007533173720131181,0.001195920442675913
0,4.5600000000000005,-0.4649642996230913,1.0860585614742722,-0.005458744092162737,0.0005961860679359887
0,4.57,-0.46499606247305963,1.0860584166938227,-0.0031762849968308693,-1.4478044940702262e-05
0,4.58,-0.46500316708993505,1.0860521290825753,-0.0007104616875419634,-0.0006287611247435265
0,4.59,-0.4649840057175779,1.0860397035008675,0.0019161372357134887,-0.0012425581707775635
0,4.6000000000000005,-0.46493716485484865,1.0860211574253662,0.004684086272926935,-0.001854607550133558
0,4.61,-0.46486138684937245,1.0859964964939397,0.007577800547620139,-0.0024660931426501165
0,4.62,-0.46475552310124585,1.0859656926930923,0.010586374812660004,-0.0030803800847412077
0,4.63,-0.4646184526827612,1.0859288727064333,0.013707041848465273,-0.0036819986658942483
0,4.64,-0.4644490859191707,1.0858861623383247,0.016936676359047276,-0.004271036810865603
0,4.65,-0.4642463877226109,1.0858375481410691,0.020269819655982513,-0.004861419725554761
0,4.66,-0.46400941215395153,1.0857829124086933,0.023697556865936997,-0.005463573237585173
0,4.67,-0.4637373965110402,1.0857220522262443,0.02720156429113496,-0.006086018244899627
0,4.68,-0.46342990546041646,1.085654723035998,0.03074910506237205,-0.006732919024621253
0,4.69,-0.46308702374937377,1.0855807063563283,0.03428817110426863,-0.007401667966977499
0,4.7,-0.4627095969096209,1.0854998999712286,0.03774268397528924,-0.00808063850996632
0,4.71,-0.46229951821820425,1.0854124266901024,0.041007869141662656,-0.008747328112623798
0,4.72,-0.46186004984256,1.0853187504488246,0.043946837564423635,-0.009367624127776253
0,4.73,-0.4613961667779908,1.0852197876164178,0.04638830645692371,-0.009896283240684589
0,4.74,-0.4609149084846801,1.0851170048945853,0.04812582933106935,-0.010278272183250614
0,4.75,-0.4604257351058977,1.0850124917483985,0.048917337878240374,-0.010451314618675767
0,4.76,-0.4599408926596329,1.0849090055306456,0.04848424462647882,-0.010348621775291278
0,4.7700000000000005,-0.4594757872064358,1.0848099949509271,0.046510545319711216,-0.009901057971850591
0,4.78,-0.4590493579757352,1.0847196085901218,0.04264292307005757,-0.00903863608052724
0,4.79,-0.45868443551104104,1.0846426994798801,0.03649224646941618,-0.007690911024171854
0,4.8,-0.4584080665749613,1.0845848427562346,0.027636893607974056,-0.005785672364555516
0,4.8100000000000005,-0.4582517907427697,1.08455237046459,0.015627583219157692,-0.0032472291644491946
0,4.82,-0.45825185125215717,1.0845524129788697,-6.05093874450624e-06,4.251427965229482e-06
0,4.83,-0.4584225244712393,1.084622846795161,-0.01706732190821514,0.0070433816291348705
0,4.84,-0.45872657673436656,1.0847460925589223,-0.030405226312724132,0.012324576376121499
0,4.8500000000000005,-0.45913128533995307,1.084906455875332,-0.040470860558650124,0.016036331640978396
0,4.86,-0.4596082553243575,1.0850900694350896,-0.04769699844044406,0.01836135597574895
0,4.87,-0.46013319303862554,1.085284818819697,-0.05249377142680367,0.019474938460750657
0,4.88,-0.4606856523277799,1.08548025025892,-0.055245928915437226,0.019543143922295947
0,4.89,-0.4612487535457105,1.0856674614608919,-0.05631012179305728,0.01872112019718486
0,4.9,-0.46180888390243613,1.0858389812954878,-0.056013035672564104,0.017151983459595677
0,4.91,-0.4623553810241086,1.0859886514166928,-0.054649712167248454,0.014967012120492562
0,4.92,-0.46288019795784113,1.0861115189642527,-0.052481693373251925,0.012286754755996832
0,4.93,-0.46337755820661436,1.0862037466409256,-0.04973602487732265,0.009222767667282916
0,4.94,-0.46384362089859554,1.0862625383844724,-0.04660626919811839,0.005879174354683769
0,4.95,-0.46427617271392563,1.0862860702342325,-0.04325518153300845,0.0023531849760116685
0,4.96,-0.4646743614343154,1.0862734145696045,-0.03981887203897694,-0.0012655664628047347
0,4.97,-0.46503848327320835,1.0862244534972476,-0.03641218388929501,-0.004896107235685676
0,4.98,-0.46536982990763054,1.0861397756918343,-0.03313466344221916,-0.00846778054133246
0,4.99,-0.4656705893782924,1.0860205591121508,-0.030075947066188213,-0.011921657968350097
0,5.0,-0.46594379343300646,1.0858684380934007,-0.027320405471403797,-0.015212101875006212
0,5.01,-0.46619328976964763,1.0856853582736778,-0.02494963366411751,-0.018307981972287557
0,5.0200000000000005,-0.4664237181176605,1.085473434066825,-0.02304283480128455,-0.021192420685278712
0,5.03,-0.466640479584414,1.0852348149207107,-0.021676146675353447,-0.023861914611433832
0,5.04,-0.46684968437444135,1.0849715604592933,-0.02092047900273397,-0.026325446141739484
0,5.05,-0.4670580709192423,1.0846855256522807,-0.020838654480093144,-0.028603480701261397
0,5.0600000000000005,-0.4672728965378763,1.0843782541177212,-0.021482561863400695,-0.030727153455956113
0,5.07,-0.4675017966272676,1.0840508901310344,-0.022890008939130402,-0.032736398668675726
0,5.08,-0.46775262418825225,1.0837041191017511,-0.025082756098465664,-0.0346771029283266
0,5.09,-0.4680332745789136,1.083338144610639,-0.028065039066133002,-0.03659744911121976
0,5.1000000000000005,-0.4683514922105685,1.0829527054996126,-0.03182176316549046,-0.03854391110262867
0,5.11,-0.4687146618460288,1.082547132714687,-0.0363169635460292,-0.04055727849257007
0,5.12,-0.4691295870594221,1.0821204429634652,-0.041492521339331345,-0.04266897512217316
0,5.13,-0.4696022587092054,1.0816714677909371,-0.04726716497833183,-0.04489751725280655
0,5.14,-0.4701376151499225,1.0811990176116473,-0.05353564407171163,-0.04724501792898739
0,5.15,-0.47073930359597627,1.0807020823349363,-0.06016884460537386,-0.04969352767110191
0,5.16,-0.4714094422247829,1.0801800761603058,-0.06701386288066602,-0.0522006174630496
0,5.17,-0.47214838381742263,1.0796331306200198,-0.0738941592639708,-0.05469455402860035
0,5.18,-0.4729544823175697,1.079062436269501,-0.08060985001470677,-0.05706943505188189
0,5.19,-0.4738238560463992,1.0784706326688565,-0.08693737288295034,-0.059180360064448045
0,5.2,-0.47475014019765815,1.077862243193256,-0.09262841512589493,-0.06083894756003794
0,5.21,-0.4757242218364059,1.0772441427053314,-0.09740816387477369,-0.061810048792465544
0,5.22,-0.47528459093101516,1.0772875234258235,0.0439630905390731,0.004338072049203667
0,5.23,-0.47460011481685915,1.0773266570226088,0.06844761141560074,0.003913359678531236
0,5.24,-0.4738095509412969,1.0773599730026944,0.07905638755622557,0.0033315980085601993
0,5.25,-0.4730106358090373,1.0773859522020661,0.07989151322596033,0.002597919937175064
0,5.26,-0.47226716779294625,1.077403185384179,0.07434680160910423,0.0017233182112885714
0,5.2700000000000005,-0.47161616456154076,1.0774104395546789,0.06510032314054892,0.0007254170499848556
0,5.28,-0.4710745301823787,1.077406719919694,0.054163437916204815,-0.00037196349849111243
0,5.29,-0.4706449025324253,1.0773913199372254,0.04296276499534124,-0.0015399982468577988
0,5.3,-0.47032052791513307,1.077363855039102,0.03243746172922335,-0.0027464898123330528
0,5.3100000000000005,-0.47008913526346924,1.0773242850792975,0.023139265166383094,-0.003956995980458622
0,5.32,-0.4699358654473899,1.0772729267500756,0.015326981607932666,-0.005135832922187333
0,5.33,-0.4698453599218603,1.0772104536373244,0.009050552552963831,-0.00624731127512046
0,5.34,-0.46980313807788754,1.077137888446677,0.0042221843972733986,-0.007256519064746669
0,5.3500000000000005,-0.46979640410844137,1.0770565938392633,0.0006733969446170995,-0.008129460741357342
0,5.36,-0.4698144217917049,1.0769682650359573,-0.0018017683263538142,-0.008832880330600368
0,5.37,-0.46984858134113583,1.0768749241474338,-0.0034159549430923253,-0.009334088852352984
0,5.38,-0.46989225657021416,1.0767789202412021,-0.004367522907833266,-0.009600390623165644
0,5.39,-0.4699405261770019,1.076682942707581,-0.004826960678772085,-0.00959775336211166
0,5.4,-0.4699898148784071,1.0765900577377872,-0.004928870140519237,-0.009288496979387162
0,5.41,-0.47003749947087053,1.076503763093002,-0.004768459246345946,-0.008629464478504545
0,5.42,-0.470081512180413,1.0764280574702276,-0.00440127095424625,-0.007570562277448012
0,5.43,-0.47012055023965005,1.0763645629819178,-0.003903805923705095,-0.006349448830977877
0,5.44,-0.4701536127397441,1.0763131851550671,-0.0033062500094049874,-0.005137782685071812
0,5.45,-0.4701795955395318,1.0762726568656316,-0.0025982799787716004,-0.004052828943557074
0,5.46,-0.4701969469108332,1.076240971297238,-0.0017351371301377316,-0.003168556839350245
0,5.47,-0.4702033928394689,1.0762157172612046,-0.0006445928635689935,-0.0025254036033484084
0,5.48,-0.470195738545215,1.0761943376338954,0.00076542942538671,-0.002137962730919263
0,5.49,-0.4701697633235052,1.0761743297416815,0.0025975221709828578,-0.0020007892213902423
0,5.5,-0.47012023610080067,1.0761534053900943,0.004952722270451515,-0.0020924351587181533
0,5.51,-0.47004108454751686,1.0761296284492603,0.007915155328380719,-0.0023776940833997173
0,5.5200000000000005,-0.4699257698774427,1.07610153771097,0.011531467007414031,-0.002809073829035391
0,5.53,-0.46976792179551163,1.076068256199964,0.0157848081931089,-0.00332815110060114
0,5.54,-0.4695622970512387,1.076029589166233,0.020562474427293642,-0.003866703373089919
0,5.55,-0.4693061239026415,1.0759861033062432,0.02561731485972163,-0.004348585998981136
0,5.5600000000000005,-0.4690008809880074,1.0759391767194282,0.030524291463407405,-0.004692658681504369
0,5.57,-0.46865454060121364,1.075891005057382,0.03463403867937642,-0.00481716620461814
0,5.58,-0.4682842682137284,1.0758445489261754,0.03702723874852154,-0.004645613120657366
0,5.59,-0.4679195073329854,1.0758034139705523,0.03647608807430536,-0.0041134955623078895
0,5.6000000000000005,-0.46760528825000525,1.0757716715501675,0.031421908298012724,-0.003174242038483932
0,5.61,-0.4674054934949408,1.0757536394798475,0.01997947550644308,-0.0018032070320028737
0,5.62,-0.4674056835151156,1.0757536621402823,-1.9002017476177357e-05,2.266043486187641e-06
0,5.63,-0.46760482486328364,1.075799961900788,-0.019914134816806373,0.004629976050574136
0,5.64,-0.46791794130326275,1.0758839262592452,-0.03131164399791109,0.008396435845714478
0,5.65,-0.468281511663008,1.0759980178473065,-0.036357035974526886,0.01140915880613047
0,5.66,-0.4686506777380966,1.076135723542952,-0.036916607508857835,0.013770569564552915
0,5.67,-0.468996025538693,1.0762914732413336,-0.034534780059641834,0.01557496983815021
0,5.68,-0.4693003323708264,1.0764605324009535,-0.030430683213339416,0.016905915961995532
0,5.69,-0.4695555340865193,1.0766388795306059,-0.025520171569287653,0.017834712965236754
0,5.7,-0.46976006410572946,1.0768230766451874,-0.020453001921016956,0.0184197114581508
0,5.71,-0.46991663376233506,1.0770101360123094,-0.01565696566055985,0.01870593671220444
0,5.72,-0.47003045935727855,1.077197387275924,-0.01138255949434952,0.01872512636145185
0,5.73,-0.4701079080514889,1.0773823537705074,-0.0077448694210335844,0.01849664945834384
0,5.74,-0.4701555169397895,1.0775626400782254,-0.0047608888300632035,0.01802863077180472
0,5.75,-0.47017932924369954,1.0777358331674878,-0.0023812303910020205,0.017319308926233568
0,5.76,-0.4701844903552527,1.0778994153182118,-0.0005161111553186881,0.01635821507239843
0,5.7700000000000005,-0.4701750473564492,1.0780506941581942,0.0009442998803510516,0.01512788399824494
0,5.78,-0.4701539035326202,1.078186747285574,0.002114382382900626,0.013605312737974273
0,5.79,-0.4701228844796749,1.0783043741117575,0.00310190529453358,0.01176268261835478
0,5.8,-0.4700828856785159,1.078400047879638,0.003999880115895804,0.009567376788055526
0,5.8100000000000005,-0.4700340887832563,1.078469871813809,0.004879689525960629,0.00698239341709872
0,5.82,-0.4699762433314935,1.0785095491224592,0.005784545176279465,0.003967730865017671
0,5.83,-0.46990902102055837,1.0785143754904312,0.006722231093514441,0.00048263679719440233
0,5.84,-0.469832457674518,1.0784792583671328,0.00765633460403925,-0.0035117123298400443
0,5.8500000000000005,-0.46974749214194383,1.0783987629810075,0.008496553257414385,-0.008049538612531215
0,5.86,-0.46965659452984176,1.0782671827668475,0.009089761210206992,-0.013158021415993204
0,5.87,-0.46956447309520655,1.0780786330716456,0.009212143463521727,-0.018854969520187836
0,5.88,-0.4694788289684629,1.0778271649052238,0.008564412674366695,-0.02514681664218532
0,5.89,-0.4694111267926681,1.0775069051424053,0.006770217579477045,-0.03202597628184645
0,5.9,-0.4693773173208966,1.0771122326592735,0.0033809471771506505,-0.039467248313185266
0,5.91,-0.46939841626209716,1.0766379947585107,-0.0021098941200559107,-0.047423790076273065
0,5.92,-0.4695007921703154,1.0760797667100428,-0.010237590821821074,-0.05582280484679458
0,5.93,-0.4697159698355254,1.0754341556644886,-0.021517766521000903,-0.0645611045554162
0,5.94,-0.47007971249710345,1.0746991519653053,-0.036374266157807034,-0.07350036991833342
0,5.95,-0.4706300979047656,1.0738745250278603,-0.05503854076621684,-0.08246269374450055
0,5.96,-0.47140426926473417,1.0729622601601614,-0.07741713599685451,-0.09122648676989087
0,5.97,-0.4724335176648731,1.0719670351762127,-0.10292484001389601,-0.09952249839486615
0,5.98,-0.47373636500745697,1.0708967326575742,-0.1302847342583846,-0.10703025186384885
0,5.99,-0.47530937016756536,1.0697629873805008,-0.15730051601083872,-0.11337452770734391
0,6.0,-0.4771154954132528,1.068581771228306,-0.1806125245687462,-0.11812161521946862
0,6.01,-0.4790700637909387,1.067374015545395,-0.19545683776858724,-0.12077556829110936
0,6.0200000000000005,-0.47765946468134035,1.0674921634717114,0.14105991095983428,0.011814792631636983
0,6.03,-0.47568790720026677,1.0677163924485316,0.19715574810735825,0.02242289768201733
0,6.04,-0.47364150344955347,1.0680347109783273,0.20464037507132993,0.03183185297956914
0,6.05,-0.47173110030378884,1.068435212880369,0.19104031457646276,0.040050190204166114
0,6.0600000000000005,-0.4699855939064189,1.0689060949198732,0.17455063973699225,0.04708820395042945
0,6.07,-0.46834097947702946,1.0694356814212607,0.1644614429389457,0.05295865013874579
0,6.08,-0.46672345731704445,1.070012455160167,0.16175221599850076,0.05767737389064109
0,6.09,-0.4651289011154514,1.0706250938249942,0.15945562015930448,0.061263866482708096
0,6.1000000000000005,-0.46355475196815493,1.071262511329596,0.15741491472964775,0.06374175046017783
0,6.11,-0.4619998737622581,1.0719139032440705,0.1554878205896837,0.06513919144746083
0,6.12,-0.46046439118820837,1.072568795590788,0.1535482574049729,0.06548923467175616
0,6.13,-0.45894951634967335,1.0732170962282372,0.15148748385350186,0.06483006374491396
0,6.140000000000001,-0.45745736884471605,1.073849148016794,0.14921475049572974,0.06320517885567423
0,6.15,-0.4559907932075557,1.074455782929246,0.146657563716035,0.060663491245205314
0,6.16,-0.4545531767290886,1.075028376236274,0.14376164784670742,0.05725933070279687
0,6.17,-0.45314826991494755,1.0755588998648986,0.14049068141410714,0.05305236286246018
0,6.18,-0.4517800111887928,1.0760399739983186,0.13682587261547585,0.0481074133420023
0,6.19,-0.4504523569010775,1.0764649159611297,0.13276542877153075,0.04249419628110651
0,6.2,-0.44916911725425274,1.0768277854175843,0.1283239646824752,0.036286945645458424
0,6.21,-0.44793379839851666,1.0771234249057264,0.12353188557360784,0.029563948814215202
0,6.22,-0.44674945068204247,1.0773474947406811,0.11843477164741878,0.02240698349547099
0,6.23,-0.445618522850764,1.0774965013503985,0.11309278312784943,0.014900660971739477
0,6.24,-0.44454272188040606,1.077567818161391,0.10758009703579208,0.007131681099248333
0,6.25,-0.44352287808337465,1.0775596982356102,0.10198437970314056,-0.0008119925780869508
0,6.26,-0.4425588151619784,1.0774712779780773,0.09640629213962248,-0.008842025753286187
0,6.2700000000000005,-0.44164922497463327,1.0773025713940931,0.0909590187345155,-0.016870658398415728
0,6.28,-0.4407915469413522,1.0770544545809686,0.0857678033281073,-0.02481168131245326
0,6.29,-0.43998185223772607,1.076728640398571,0.08096947036261293,-0.03258141823976324
0,6.3,-0.4392147332120466,1.076327643582037,0.07671190256794413,-0.04009968165339384
0,6.3100000000000005,-0.4384831988077984,1.0758547369450615,0.07315344042482241,-0.047290663697552304
0,6.32,-0.4377785771830703,1.0753138997793217,0.0704621624728119,-0.0540837165739827
0,6.33,-0.43709042718887814,1.0747097600903344,0.06881499941921443,-0.06041396889873152
0,6.34,-0.43640646089868723,1.0740475329270778,0.06839662901909072,-0.06622271632565901
0,6.3500000000000005,-0.43571247996928586,1.0733329577655242,0.06939809294013721,-0.07145751615535989
0,6.36,-0.43499232925482606,1.0725722386967338,0.07201507144597996,-0.07607190687903831
0,6.37,-0.43419562924036254,1.0717504486908955,0.0796700014463525,-0.08217900058382632
0,6.38,-0.43327889802832986,1.0708589657457308,0.09167312120326732,-0.08914829451647233
0,6.390000000000001,-0.43225181971652926,1.0699263460829769,0.10270783118006,-0.09326196627539307
0,6.4,-0.431227659225309,1.0690519697526382,0.10241604912202829,-0.08743763303387109
0,6.41,-0.43047668493648816,1.0684417019865209,0.0750974288820816,-0.06102677661172784
0,6.42,-0.43047703301901064,1.0684418560557274,-3.4808252247220395e-05,1.5406920650384848e-05
0,6.43,-0.4318149143780332,1.0676401855586652,-0.13378813590225747,-0.08016704970621458
0,6.44,-0.4338489788918353,1.065762795914934,-0.2034064513802114,-0.18773896437311866
0,6.45,-0.436158807883507,1.0626841598834302,-0.2309828991671703,-0.3078636031503823
0,6.46,-0.43852412511251193,1.0584036700281236,-0.2365317229004904,-0.4280489855306602
0,6.47,-0.4409051254043072,1.053001055975825,-0.23810002917952766,-0.5402614052298693
0,6.48,-0.44339888371047276,1.0465894238081308,-0.249375830616555,-0.6411632167694137
0,6.49,-0.4461792016212263,1.0392985624945457,-0.278031791075356,-0.729086131358514
0,6.5,-0.4494402758277418,1.0312642496419222,-0.3261074206515502,-0.803431285262346
0,6.51,-0.4533347338097963,1.0226164850241632,-0.38944579820544556,-0.8647764617758957
0,6.5200000000000005,-0.4580126446491402,1.0134878391228408,-0.4677910839343935,-0.9128645901322452
0,6.53,-0.4636217291735904,1.004014096960561,-0.5609084524450192,-0.9473742162279697
0,6.54,-0.4703075728553481,0.9943348986381988,-0.6685843681757675,-0.9679198322362303
0,6.55,-0.4782138332531307,0.9845943581883199,-0.7906260397782638,-0.9740540449878932
0,6.5600000000000005,-0.4874824342036541,0.9749416422873926,-0.9268600950523398,-0.9652715900927311
0,6.57,-0.49825373898925873,0.96553148993067,-1.0771304785604618,-0.9410152356722601
0,6.58,-0.5106666943132914,0.9565246533582171,-1.2412955324032637,-0.9006836572452825
0,6.59,-0.5248589360909182,0.9480882393320357,-1.419224177762679,-0.8436414026181449
0,6.6000000000000005,-0.5409153310421589,0.9403384193943456,-1.6056394951240782,-0.7749819937690083
0,6.61,-0.5588736336693175,0.9333293962826106,-1.7958302627158584,-0.7009023111735013
0,6.62,-0.5786660656007857,0.9269660176004312,-1.979243193146818,-0.6363378682179399
0,6.63,-0.6002143872038702,0.921115172288386,-2.154832160308451,-0.5850845312045161
0,6.640000000000001,-0.6234522389613417,0.9157192221078035,-2.3237851757471506,-0.5395950180582476
0,6.65,-0.648310926014268,0.9107256285776375,-2.4858687052926265,-0.49935935301660406
0,6.66,-0.6747191425354002,0.9060865205458535,-2.6408216521132233,-0.4639108031784023
0,6.67,-0.7026027459393513,0.9017582828905789,-2.788360340395113,-0.43282376552745694
0,6.68,-0.7318845979079281,0.897701173836569,-2.92818519685768,-0.4057109054009911
0,6.69,-0.7624844862984989,0.8938789766154742,-3.0599888390570706,-0.3822197221094781
0,6.7,-0.794319139151924,0.890258689615475,-3.1834652853425127,-0.3620286999999167
0,6.71,-0.8273023392243357,0.8868102577575161,-3.2983200072411734,-0.34484318579589557
0,6.72,-0.8613451447237532,0.883506346595009,-3.4042805499417517,-0.3303911162507056
0,6.73,-0.8963562192194747,0.8803221595493865,-3.5011074495721495,-0.3184187045622511
0,6.74,-0.9322422709836736,0.8772352977491451,-3.58860517641989,-0.3086861800241425
0,6.75,-0.9689085992895055,0.8742256611160176,-3.666632830583183,-0.3009636633127477
0,6.76,-1.0062597423932198,0.8712753886179354,-3.7351143103714346,-0.2950272498082218
0,6.7700000000000005,-1.0442002190318755,0.8683688349629055,-3.794047663865574,-0.29065536550298976
0,6.78,-1.082635352235196,0.8654925804192485,-3.843513320332037,-0.2876254543657031
0,6.79,-1.1214721610428886,0.8626354698948908,-3.883680880769269,-0.28571105243576644
0,6.8,-1.1606203023034403,0.8597886768720017,-3.914814126055166,-0.2846793022889149
0,6.8100000000000005,-1.1999930410780928,0.8569457872554356,-3.9372738774652527,-0.2842889616566091
0,6.82,-1.1598148915858477,0.8483252381282946,4.017814949224507,-0.8620549127140942
0,6.83,-1.1409226431442934,0.8363149955086326,1.889224844155435,-1.2010242619661993
0,6.84,-1.1277033908918799,0.822859537382845,1.3219252252413494,-1.3455458125787634
0,6.8500000000000005,-1.1146783316307678,0.808679324960464,1.3025059261112082,-1.418021242238099
0,6.86,-1.1002809217752436,0.794070908091278,1.439740985552418,-1.4608416869186014
0,6.87,-1.0843672724839108,0.7792100509868158,1.5913649291332765,-1.4860857104462166
0,6.88,-1.0672389261703783,0.7642483695132027,1.712834631353255,-1.4961681473613098
0,6.890000000000001,-1.0492741732961228,0.7493183579297116,1.7964752874255474,-1.4930011583491165
0,6.9,-1.0308046305423444,0.7345011024002873,1.8469542753778434,-1.4817255529424256
0,6.91,-1.012088977094951,0.7197908846203085,1.8715653447393343,-1.471021777997883
0,6.92,-0.9933196964952646,0.7050805167613279,1.876928059968641,-1.471036785898061
0,6.93,-0.9746339259971634,0.6901790802736741,1.8685770498101273,-1.490143648765374
0,6.94,-0.9561182658432065,0.6748585372380055,1.8515660153956892,-1.5320543035668654
0,6.95,-0.9378090052309987,0.6589123816422219,1.8309260612207723,-1.5946155595783607
0,6.96,-0.9196948281144111,0.6422043837174253,1.8114177116587693,-1.6707997924796603
0,6.97,-0.901728395615858,0.6246909367305676,1.7966432498553009,-1.751344698685764
0,6.98,-0.8838480269368724,0.6064126675202748,1.788036867898568,-1.8278269210292852
0,6.99,-0.8660047167928693,0.5874631168552928,1.7843310144003088,-1.894955066498194
0,7.0,-0.8481862909964681,0.5679490555813607,1.7818425796401138,-1.9514061273932182
0,7.01,-0.8304311315871333,0.547956735241837,1.7755159409334809,-1.9992320339523695
0,7.0200000000000005,-0.8128277700903519,0.527532991439531,1.7603361496781433,-2.042374380230594
0,7.03,-0.7955012399566448,0.5066828492470334,1.7326530133707108,-2.085014219249759
0,7.04,-0.7785902660922328,0.4853796234206479,1.6910973864411982,-2.1303225826385552
0,7.05,-0.76222065831073,0.4635814017913391,1.636960778150276,-2.179822162930878
0,7.0600000000000005,-0.7464803891103362,0.4412484569217703,1.5740269200393842,-2.2332944869568827
0,7.07,-0.7314010119659748,0.4183580908519927,1.5079377144361361,-2.289036606977757
0,7.08,-0.7169475463390791,0.3949163147338302,1.4453465626895756,-2.3441776118162503
0,7.09,-0.7030137100588898,0.3709701954281789,1.3933836280189293,-2.3946119305651323
0,7.1000000000000005,-0.6894092095542232,0.3466330814805287,1.360450050466655,-2.43371139476502
0,7.11,-0.6758044270611142,0.32215401900746476,1.3604782493109036,-2.4479062473063915
0,7.12,-0.661546050849777,0.29811012849250335,1.4258376211337187,-2.4043890514961417
0,7.13,-0.6451179688004801,0.27592538260623817,1.642808204929691,-2.218474588626518
0,7.140000000000001,-0.6226385692882808,0.2592551583979817,2.247939951219935,-1.6670224208256479
0,7.15,-0.5968534744820513,0.24658184996891286,2.578509480622948,-1.267330842906883
0,7.16,-0.570115748488757,0.2355633608392581,2.673772599329427,-1.1018489129654752
0,7.17,-0.5433895291105968,0.22543081295153927,2.672621937816022,-1.0132547887718835
0,7.18,-0.5171005987106718,0.21606409076101563,2.628893039992497,-0.9366722190523646
0,7.19,-0.49145426174005513,0.207648075697974,2.564633697061669,-0.8416015063041626
0,7.2,-0.46655939967001864,0.2005304803408296,2.489486207003649,-0.7117595357144402
0,7.21,-0.44248453036867236,0.1951416758698524,2.407486930134628,-0.5388804470977199
0,7.22,-0.41928994299718836,0.19193001179062663,2.3194587371483997,-0.3211664079225768
0,7.23,-0.39704823422473157,0.19130265493031096,2.224170877245679,-0.06273568603156754
0,7.24,-0.375853811688198,0.19357463606830905,2.1194422536533586,0.22719811379980914
0,7.25,-0.35581909312786825,0.1989310238408865,2.003471856032973,0.5356387772577464
0,7.26,-0.3370567673412927,0.20740542981328147,1.876232578657555,0.847440597239496
0,7.2700000000000005,-0.31965094505626535,0.21887537341315422,1.740582228502735,1.1469943599872745
0,7.28,-0.30362351405688376,0.23307263324803423,1.6027430999381587,1.4197259834880016
0,7.29,-0.28890515334319194,0.2496056294527295,1.4718360713691814,1.6532996204695254
0,7.3,-0.27532537292714704,0.26799284839036747,1.3579780416044906,1.8387218937637977
0,7.3100000000000005,-0.26264677444431334,0.2877134907244502,1.2678598482833703,1.9720642334082716
0,7.32,-0.2506928994770147,0.3082981266180731,1.195387496729866,2.0584635893622916
0,7.33,-0.2396759632196887,0.32951794261381634,1.101693625732597,2.121981599574324
0,7.34,-0.2284613384363149,0.3504722717074407,1.1214624783373817,2.095432909362438
0,7.3500000000000005,-0.2164286854820459,0.37059906610274324,1.2032652954268974,2.0126794395302516
0,7.36,-0.20323533279558148,0.3895642590668813,1.3193352686464432,1.8965192964138067
0,7.37,-0.1886920401732281,0.40716687621503483,1.4543292622353376,1.7602617148153532
0,7.38,-0.1725291933601998,0.4230221695933092,1.616284681302829,1.5855293378274349
0,7.390000000000001,-0.1537329262743818,0.43556825499375607,1.8796267085818024,1.2546085400446882
0,7.4,-0.13109234624894778,0.4428364861329943,2.264058002543401,0.7268231139238246
0,7.41,-0.10671088767845432,0.44754742419668453,2.4381458570493453,0.47109380636902176
0,7.42,-0.0813853238950115,0.45112598392794384,2.532556378344282,0.3578559731259312
0,7.43,-0.0553906894069423,0.45396580134144393,2.5994634488069206,0.283981741350009
0,7.44,-0.02888819441190656,0.4562130202931415,2.6502494995035737,0.22472189516975494
0,7.45,-0.002034937686715488,0.4579864293973529,2.6853256725191073,0.17734091042114208
0,7.46,0.0250049574870945,0.45940115007251475,2.703989517380999,0.14147206751618513
0,7.47,0.05207198317549828,0.4605422803966806,2.7067025688403774,0.1141130324165851
0,7.48,0.07902355526657824,0.4614373772553473,2.6951572091079963,0.08950968586666774
0,7.49,0.10574492122275282,0.46204024619720063,2.672136595617458,0.06028689418533517
0,7.5,0.13216161145739205,0.4622299647408835,2.641669023463923,0.018971854368288188
0,7.51,0.15825468837974324,0.4618298587626584,2.609307692235119,-0.0400105978225096
0,7.5200000000000005,0.18407532397154266,0.4606501804273488,2.582063559179942,-0.11796783353096307
0,7.53,0.20974993323925473,0.45855090181855107,2.567460926771206,-0.20992786087977167
0,7.54,0.23546323194169302,0.4555101004054123,2.57132987024383,-0.3040801413138783
0,7.55,0.26140385780201925,0.45167556026843647,2.594062586032622,-0.3834540136975817
0,7.5600000000000005,0.2876459200588517,0.44737610318419907,2.6242062256832455,-0.42994570842374014
0,7.57,0.2869673560316588,0.4475114003223191,-0.06785640271929072,0.013529713812004962
0,7.58,0.2864388181596161,0.4477768710141815,-0.05285378720427114,0.02654706918623906
0,7.59,0.2860235666769789,0.4481674549246676,-0.04152514826371578,0.03905839104860753
0,7.6000000000000005,0.28571135107859114,0.44867811682802444,-0.031221559838778834,0.05106619033568571
0,7.61,0.285490968909605,0.44930379284773936,-0.022038216898612184,0.06256760197149158
0,7.62,0.28535174695939924,0.45003932226851473,-0.01392219502057701,0.07355294207753715
0,7.63,0.28528339078859977,0.4508793661012397,-0.006835617079947731,0.08400438327249571
0,7.640000000000001,0.28527598755863964,0.4518183135750277,-0.0007403229960123436,0.09389474737880321
0,7.65,0.28531999704283306,0.4528501777280874,0.00440094841934191,0.10318641530596695
0,7.66,0.2854062328115176,0.45396848127087075,0.008623576868455052,0.1118303542783361
0,7.67,0.28552583547824983,0.4551661338998453,0.011960266673222142,0.11976526289745326
0,7.68,0.2856702397935993,0.45643530224719986,0.014440431534945564,0.12691683473545767
0,7.69,0.28583113728010845,0.4577672736594985,0.016089748650915947,0.1331971412298627
0,7.7,0.2860004360183425,0.4591523150050882,0.016929873823406938,0.13850413455896993
0,7.71,0.286170219120915,0.4605795277142048,0.016978310257248497,0.14272127091166098
0,7.72,0.28633270336979516,0.46203670025527027,0.0162484248880157,0.14571725410654768
0,7.73,0.2864801994424442,0.4635101592438867,0.014749607264902265,0.14734589886164495
0,7.74,0.2866050751143749,0.4649846203655446,0.012487567193070204,0.14744611216578885
0,7.75,0.286699722799112,0.4664430402671925,0.009464768473710361,0.14584199016479116
0,7.76,0.2867565327704777,0.46786647053488095,0.0056809971365701095,0.14234302676884303
0,7.7700000000000005,0.2867678734054373,0.4692339148232354,0.001134063495961124,0.1367444288354447
0,7.78,0.286766808349605,0.4705221901364383,-0.00010650558323055392,0.12882753132029134
0,7.79,0.28676546022323957,0.4717057931790595,-0.00013481263654302467,0.11836030426211619
0,7.8,0.28676482071733916,0.4727567725983409,-6.395059004016268e-05,0.10509794192814503
0,7.8100000000000005,0.28676447819707995,0.47364460782792617,-3.4252025921110985e-05,0.08878352295852432
0,7.82,0.2867642358179745,0.4743360951177385,-2.4237910545288344e-05,0.06914872898123314
0,7.83,0.2867641056288533,0.47479524119774785,-1.3018912120577042e-05,0.045914608000935386
0,7.84,0.28676419893679794,0.4749831648776018,9.33079446485685e-06,0.018792367985392966
0,7.8500000000000005,0.28676460164239015,0.4748580067332713,4.027055922062317e-05,-0.01251581443305061
0,7.86,0.2867651496753969,0.47437484688069226,5.480330067531014e-05,-0.04831598525790182
0,7.87,0.28676537639481786,0.4734856306905734,2.267194209593093e-05,-0.08892161901188356
0,7.88,0.2867657423119625,0.4721391021646644,3.659171446401821e-05,-0.13465285259089965
0,7.890000000000001,0.2867670698134222,0.47028074457950264,0.0001327501459702507,-0.1858357585161785
0,7.9,0.2867683084749403,0.4678527279173542,0.00012386615180770555,-0.24280166621484245
0,7.91,0.2867655951770483,0.46479386255510174,-0.0002713297891976385,-0.3058865362252472
0,7.92,0.28676562649822984,0.46103955868016194,3.132118153725827e-06,-0.37543038749398017
0,7.930000000000001,0.28676545684197613,0.4565162280271715,-1.6965625371234694e-05,-0.45233306529904316
0,7.94,0.2867627254363323,0.4511467534227007,-0.00027314056438298984,-0.5369474604470792
0,7.95,0.28676070085964506,0.4448002612224136,-0.0002024576687242874,-0.6346492200287102
0,7.96,0.28676901691222934,0.436856071734552,0.0008316052584278477,-0.794418948786163
0,7.97,0.28676901719977477,0.4368563077323932,2.8754543190956383e-08,2.359978412136421e-05
0,7.98,0.28631220722710143,0.44435392328796164,-0.04568099726733332,0.7497615555568438
0,7.99,0.2854185530187621,0.4497716382653269,-0.08936542083393118,0.5417714977365262
0,8.0,0.2841076475512436,0.454494508976631,-0.13109054675184972,0.4722870711304117
0,8.01,0.2823984803031944,0.45863157834946794,-0.17091672480492037,0.4137069372836921
0,8.02,0.28030906970142966,0.46223476286838017,-0.2089410601764763,0.3603184518912228
0,8.03,0.2778559480596006,0.4653530722847482,-0.2453121641829037,0.3118309416368037
0,8.040000000000001,0.2750534887582974,0.468026554432474,-0.28024593013032395,0.2673482147725781
0,8.05,0.2719130657779811,0.4702927150645019,-0.3140422980316304,0.22661606320278915
0,8.06,0.268442036330949,0.4721865604134702,-0.34710294470320924,0.18938453489683038
0,8.07,0.2646425383090554,0.47374061826795655,-0.37994980218936103,0.1554057854486368
0,8.08,0.26051009563564514,0.4749849416185594,-0.41324426734102304,0.12443233506028717
0,8.09,0.2560320264503266,0.47594709907236915,-0.4478069185318567,0.0962157453809731
0,8.1,0.25118565143220717,0.47665215638621317,-0.4846375018119409,0.07050573138440153
0,8.11,0.2459363025501299,0.47712265364457657,-0.5249348882077259,0.04704972583634004
0,8.120000000000001,0.24023513618618536,0.47737858282183254,-0.5701166363944549,0.025592917725597575
0,8.13,0.2340167589790257,0.4774373707330646,-0.6218377207159648,0.005878791123203886
0,8.14,0.22719667994154052,0.4773138727039525,-0.6820079037485188,-0.012349802911210128
0,8.15,0.2196686084844272,0.47702038268630204,-0.7528071457113317,-0.029349001765044402
0,8.16,0.2113016249783623,0.47656666601780223,-0.8366983506064907,-0.0453716668499804
0,8.17,0.20193725845992255,0.4759600215760306,-0.9364366518439748,-0.06066444417716088
0,8.18,0.191386515066413,0.47520538070854007,-1.0550743393509558,-0.07546408674905525
0,8.19,0.1794265200543958,0.47430741538762294,-1.1959995012017193,-0.08979653209171268
0,8.2,0.16579662341456347,0.47328380587821917,-1.3629896639832328,-0.10236095094037778
0,8.21,0.15019367874735748,0.472147565972218,-1.5602944667205991,-0.11362399060011463
0,8.22,0.13215994159549796,0.47149303354863714,-1.803373715185952,-0.0654532423580878
0,8.23,0.11119373200884881,0.47105757686726135,-2.0966209586649147,-0.043545668137578986
0,8.24,0.08673780921116725,0.4707915269696607,-2.4455922797681566,-0.02660498976006509
0,8.25,0.05814285232533614,0.47090432766645945,-2.859495688583111,0.011280069679875382
0,8.26,0.024712155803042365,0.471189276745065,-3.3430696522293775,0.02849490786055453
0,8.27,-0.014297819055556854,0.4711277706738447,-3.9009974858599223,-0.006150607122029639
0,8.28,-0.05967565691925058,0.467212280546712,-4.537783786369372,-0.39154901271327147
0,8.290000000000001,-0.11224779943083418,0.45247593382307966,-5.25721425115836,-1.4736346723632332
0,8.3,-0.17273068405584502,0.4191453125344811,-6.048288462501083,-3.333062128859854
0,8.31,-0.24091764257106962,0.35268744673092706,-6.8186958515224605,-6.645786580355406
0,8.32,-0.32885630420960427,0.2487139010807625,-8.793866163853464,-10.397354565016457
0,8.33,-0.3832305399711938,0.18729021504845214,-5.437423576158951,-6.142368603231035
0,8.34,-0.41645305609189515,0.15775938323470823,-3.3222516120701373,-2.9530831813743914
0,8.35,-0.4355955705250875,0.14947086099111212,-1.914251443319237,-0.8288522243596108
0,8.36,-0.4477047083951942,0.1517980606153032,-1.21091378701067,0.23271996241910897
0,8.370000000000001,-0.44770650653169586,0.1520966935059006,-0.00017981365016406237,0.02986328905973945
0,8.38,-0.44770902630106846,0.15266830819519042,-0.00025197693725997894,0.05716146892898177
0,8.39,-0.4477121081286381,0.15348743011545504,-0.0003081827569639817,0.08191219202646205
0,8.4,-0.44771559368958336,0.15452875775463695,-0.000348556094525998,0.10413276391819104
0,8.41,-0.44771932702331546,0.1557671664718711,-0.0003733333732103272,0.12384087172341574
0,8.42,-0.4477231560466609,0.157177720229694,-0.00038290233454474354,0.14105537578228966
0,8.43,-0.4477269343842504,0.15873569187074132,-0.00037783375894662186,0.15579716410473177
0,8.44,-0.44773052343628117,0.16041659255404603,-0.0003589052030794626,0.16809006833047035
0,8.45,-0.4477337946058712,0.16219621094406006,-0.0003271169590035594,0.17796183900140317
0,8.46,-0.4477366316105814,0.16405066271316313,-0.0002837004710209978,0.1854451769103066
0,8.47,-0.4477389328053696,0.1659564508748963,-0.00023011947881679262,0.1905788161733174
0,8.48,-0.44774061344728083,0.1678905374099646,-0.00016806419112502802,0.19340865350682968
0,8.49,-0.4477416078355975,0.16983042657995975,-9.943883166885215e-05,0.1939889169995157
0,8.5,-0.4477418712649885,0.17175426024480756,-2.6342939096757334e-05,0.19238336648478016
0,8.51,-0.4477413817334358,0.17364092540943157,4.895315526831645e-05,0.18866651646240185
0,8.52,-0.447740141351397,0.17547017412358742,0.00012403820388029452,0.1829248714155851
0,8.53,-0.44773817740380845,0.1772227557470126,0.00019639475885568913,0.17525816234251756
0,8.540000000000001,-0.4477355430221622,0.17888056147092793,0.00026343816462715,0.16578057239153288
0,8.55,-0.44773231743002045,0.1804267808576642,0.0003225592141720135,0.15462193867362695
0,8.56,-0.4477286057319861,0.18184607002409225,0.00037116980343698813,0.1419289166428056
0,8.57,-0.4477245382233381,0.18312473095306406,0.00040675086480090883,0.12786609289718032
0,8.58,-0.4477202692052911,0.18425090127179825,0.00042690180469540095,0.11261703187341876
0,8.59,-0.4477159752991595,0.1852147536887283,0.00042939061316027427,0.09638524169300611
0,8.6,-0.4477118532616187,0.18600870413249973,0.0004122037540799095,0.0793950443771424
0,8.61,-0.4477081173127763,0.18662762749030032,0.0003735948842398251,0.061892335780058816
0,8.620000000000001,-0.4477049959988768,0.18706907969929093,0.00031213138995123124,0.044145220899061144
0,8.63,-0.44770237885646813,0.1873335248062867,0.00026171424086784967,0.02644451069957754
0,8.64,-0.44770015070997826,0.1874245654786762,0.00022281464898687986,0.009104067238949187
0,8.65,-0.4476982851796168,0.18734917532540885,0.00018655303614667496,-0.007539015326735177
0,8.66,-0.4476967997756716,0.18711793127216161,0.00014854039451783763,-0.023124405324723152
0,8.67,-0.44769577119028214,0.1867452441307695,0.00010285853894731467,-0.03726871413921029
0,8.68,-0.4476953495732393,0.18624958541074768,4.2161704283394386e-05,-0.04956587200218299
0,8.69,-0.4476957948415051,0.1856537083410923,-4.452682658140361e-05,-0.05958770696553872
0,8.700000000000001,-0.4476973559153615,0.18498486100411804,-0.0001561073856348738,-0.06688473369742542
0,8.71,-0.44769997840104847,0.18427498943199327,-0.00026224856869982993,-0.0709871572124765
0,8.72,-0.4477020930771489,0.18356092851793568,-0.00021146761004509074,-0.0714060914057596
0,8.73,-0.4476971707236734,0.182884578507458,0.0004922353475544927,-0.06763500104776665
0,8.74,-0.4476764542874666,0.18229306521737032,0.0020716436206769107,-0.05915132900876918
0,8.75,-0.4476361359597386,0.18183888045426372,0.004031832772799504,-0.045418476310660205
0,8.76,-0.4476051919325345,0.18158000135941665,0.003094402720410505,-0.02588790948470643
0,8.77,-0.4476052031581869,0.1815799890865343,-1.1225652407631515e-06,-1.2272882349284586e-06
0,8.78,-0.44636287935856606,0.1798023826037704,0.12423237996208591,-0.17776064827638993
0,8.790000000000001,-0.4440694309596891,0.17629293295363246,0.22934483988769627,-0.35094496501379413
0,8.8,-0.4409154003322846,0.1711018523081931,0.31540306274044916,-0.5191080645439355
0,8.81,-0.43709065728707835,0.16428394273454724,0.3824743045206247,-0.6817909573645864
0,8.82,-0.43278434364263074,0.15589876384491255,0.43063136444476124,-0.8385178889634692
0,8.83,-0.4281847741866165,0.14601083144755303,0.4599569456014252,-0.9887932397359522
0,8.84,-0.42347930118379157,0.13468983928413344,0.47054730028249225,-1.1320992163419585
0,8.85,-0.41885414940182913,0.12201089618768395,0.4625151781962433,-1.26789430964495
0,8.86,-0.4144942284195746,0.1080547711466677,0.4359920982254517,-1.3956125041016245
0,8.870000000000001,-0.41058292873944174,0.09290813900858264,0.39112996801328737,-1.5146632138085063
0,8.88,-0.4073019079337319,0.07666381982294516,0.32810208057098555,-1.624431918563747
0,8.89,-0.4048308726995129,0.05942100515384792,0.24710352342189879,-1.7242814669097244
0,8.9,-0.4033473622633317,0.04128546506959325,0.14835104361812235,-1.813554008425467
0,8.91,-0.40302653804976957,0.022369729951518296,0.03208242135621098,-1.8915735118074952
0,8.92,-0.4040409838906574,0.0027932417607929266,-0.10144458408878343,-1.957648819072537
0,8.93,-0.406560520288692,-0.01731753003495083,-0.2519536398034594,-2.0110771795743756
0,8.94,-0.41075203486609513,-0.037829011845785535,-0.41915145774031326,-2.0511481810834704
0,8.950000000000001,-0.4167793319460182,-0.0586004924565449,-0.6027297079923055,-2.077148061075937
0,8.96,-0.42480300016692646,-0.07948413538842797,-0.8023668220908275,-2.0883642931883064
0,8.97,-0.43498029769218804,-0.10032503855030278,-1.0177297525261586,-2.0840903161874813
0,8.98,-0.4474650520894002,-0.12096134213006175,-1.2484754397212139,-2.0636303579758972
0,8.99,-0.46240757052110754,-0.1412243845908046,-1.4942518431707352,-2.0263042460742855
0,9.0,-0.4799545538375973,-0.16093890546959028,-1.754698331648974,-1.9714520878785669
0,9.01,-0.5002490060366626,-0.1799232924685712,-2.029445219906528,-1.8984386998980918
0,9.02,-0.5234301282796863,-0.19798986903358579,-2.318112224302371,-1.8066576565014592
0,9.03,-0.549461643113006,-0.21505983635618353,-2.603151483331978,-1.7069967322597746
0,9.040000000000001,-0.5782008327997672,-0.23118258514856482,-2.8739189686761146,-1.6122748792381292
0,9.05,-0.6094667486688456,-0.24645248561518548,-3.1265915869078453,-1.526990046662066
0,9.06,-0.6430712280939005,-0.2609630476027736,-3.3604479425054845,-1.4510561987588126
0,9.07,-0.6788207968627703,-0.27480439457246064,-3.574956876886981,-1.384134696968703
0,9.08,-0.7165171297949934,-0.28806271671482736,-3.7696332932223076,-1.3258322142366719
0,9.09,-0.7559572259475659,-0.3008201669370477,-3.944009615257249,-1.2757450222220357
0,9.1,-0.7969336606003239,-0.3131548912715198,-4.097643465275802,-1.233472433447208
0,9.11,-0.8392349356922694,-0.3251409589647859,-4.230127509194547,-1.19860676932661
0,9.120000000000001,-0.8826459217468656,-0.33684807414122286,-4.341098605459625,-1.1707115176436966
0,9.13,-0.9269483795491855,-0.3483415830496613,-4.4302457802319894,-1.1493508908438421
0,9.14,-0.9719215503862119,-0.35968228376025424,-4.497317083702634,-1.1340700710592955
0,9.15,-1.017342803858478,-0.37092620606107973,-4.5421253472266105,-1.1243922300825493
0,9.16,-1.0629883288768684,-0.3821243710122678,-4.564552501839048,-1.1198164951188083
0,9.17,-1.0630532671387476,-0.4043139284858157,-0.006493826187914387,-2.2189557473547894
0,9.18,-1.063443313018536,-0.402400231635748,-0.03900458797883033,0.19136968500677032
0,9.19,-1.063963957325541,-0.39962451293405876,-0.05206443070051581,0.2775718701689245
0,9.200000000000001,-1.0645723314391569,-0.3960493431138675,-0.06083741136158061,0.35751698201912374
0,9.21,-1.065225558918857,-0.3917369367427067,-0.06532274797002025,0.4312406371160815
0,9.22,-1.065880692181826,-0.38674927376280743,-0.06551332629689544,0.49876629798992766
0,9.23,-1.0664946440147514,-0.3811482318682476,-0.06139518329253413,0.5601041894559844
0,9.24,-1.0670241156070877,-0.374995726014249,-0.05294715923362947,0.6152505853998569
0,9.25,-1.0674255229201772,-0.36835385142978677,-0.040140731308957456,0.6641874584462248
0,9.26,-1.0676549233819597,-0.361285026600402,-0.022940046178243634,0.7068824829384757
0,9.27,-1.067667945124899,-0.35385213280676825,-0.001302174293926761,0.7432893793633766
0,9.28,-1.0674197212683705,-0.3461186469489743,0.024822385652845114,0.7733485857793931
0,9.290000000000001,-1.0668648320878422,-0.3381487645592577,0.055488918052826186,0.7969882389716632
0,9.3,-1.065957258311948,-0.3300075101094455,0.09075737758941216,0.8141254449812174
0,9.31,-1.064650349243373,-0.32176083195583566,0.13069090685751128,0.8246678153609854
0,9.32,-1.0628968099065932,-0.313475679535728,0.1753539336779797,0.8285152420107633
0,9.33,-1.060648711978718,-0.30522006073815655,0.224809792787517,0.8255618797571473
0,9.34,-1.0578575338499239,-0.29706307771829726,0.27911781287941473,0.8156983019859287
0,9.35,-1.0544742357749044,-0.28907493981206384,0.33832980750194697,0.7988137906233428
0,9.36,-1.050449376700399,-0.2813269526358734,0.4024859074505338,0.7747987176190463
0,9.370000000000001,-1.0458965013573274,-0.273835820333334,0.4552875343071694,0.7491132302539394
0,9.38,-1.0410942953205562,-0.2665113549855376,0.4802206036771173,0.7324465347796405
0,9.39,-1.0360995793738834,-0.259412749630769,0.49947159466727786,0.7098605354768583
0,9.4,-1.030671192357068,-0.25279952170803033,0.5428387016815472,0.6613227922738663
0,9.41,-1.0244285251585357,-0.24702562795266816,0.6242667198532281,0.5773893755362164
0,9.42,-1.0176091747785008,-0.241930643655214,0.6819350380034894,0.5094984297454169
0,9.43,-1.0105830214056037,-0.2371624986646246,0.7026153372897026,0.476814499058939
0,9.44,-1.003540576007448,-0.23263890302717943,0.7042445398155683,0.45235956374451713
0,9.450000000000001,-0.9964492214890215,-0.2286128997411311,0.7091354518426574,0.4026003286048324
0,9.46,-0.9891286086327958,-0.22556006537602202,0.732061285622565,0.3052834365109086
0,9.47,-0.9816613870825213,-0.22352229912855975,0.7467221550274572,0.20377662474622693
0,9.48,-0.9742829320920636,-0.22199913899014354,0.7378454990457639,0.15231601384162186
0,9.49,-0.9671931350562948,-0.22067062287741213,0.7089797035768841,0.13285161127314093
0,9.5,-0.96054215908544,-0.21946893056464714,0.6650975970854733,0.12016923127649848
0,9.51,-0.9544429911537125,-0.2185153913224826,0.60991679317276,0.09535392421645417
0,9.52,-0.9489928356332078,-0.21801309816852593,0.5450155520504651,0.050229315395666774
0,9.53,-0.9443379644574212,-0.21787172880506375,0.4654871175786557,0.014136936346217932
0,9.540000000000001,-0.9406251494043851,-0.2178850622759979,0.37128150530361115,-0.0013333470934157043
0,9.55,-0.9380017248408621,-0.21793064321654362,0.2623424563523047,-0.0045580940545714155
0,9.56,-0.9366156641899835,-0.21796081411764254,0.138606065087854,-0.003017090109891374
0,9.57,-0.9366156660670772,-0.21796081761017297,-1.8770937026957313e-07,-3.4925304315258643e-07
0,9.58,-0.9380130872887286,-0.21868825695893268,-0.13974212216513182,-0.0727439348759712
0,9.59,-0.9407117253260372,-0.22018968628204597,-0.26986380373086316,-0.15014293231132847
0,9.6,-0.944616115905403,-0.2225120456750114,-0.39043905793657574,-0.2322359392965434
0,9.61,-0.9496314253019544,-0.22570255809357959,-0.5015309396551482,-0.31905124185681866
0,9.620000000000001,-0.9556633240204977,-0.22980857662387758,-0.603189871854326,-0.4106018530297989
0,9.63,-0.9626178450434209,-0.23487739295533164,-0.6954521022923155,-0.5068816331454062
0,9.64,-0.9704012297535995,-0.2409560177612169,-0.7783384710178698,-0.6078624805885252
0,9.65,-0.9789197645697234,-0.24809094352736646,-0.8518534816123857,-0.7134925766149575
0,9.66,-0.988079611258331,-0.2563279001336075,-0.9159846688607587,-0.8236956606241047
0,9.67,-0.9977866338079332,-0.2657116131662398,-0.9707022549602207,-0.9383713032632301
0,9.68,-1.0079462246630024,-0.2762855745042553,-1.0159590855069234,-1.057396133801547
0,9.69,-1.0184631330171179,-0.2880918341576134,-1.051690835411545,-1.180625965335813
0,9.700000000000001,-1.0292412977539935,-0.3011708216231839,-1.077816473687565,-1.3078987465570513
0,9.71,-1.0401836875024655,-0.31556120414353445,-1.0942389748471948,-1.439038252035052
0,9.72,-1.0511921501381638,-0.3312997881866066,-1.1008462635698324,-1.5738584043072157
0,9.73,-1.0621672739233479,-0.34842146919241407,-1.097512378518406,-1.7121681005807465
0,9.74,-1.0730082623315038,-0.3669592331394972,-1.084098840815595,-1.853776394708312
0,9.75,-1.0836128244604388,-0.38694421175423144,-1.0604562128935013,-1.998497861473425
0,9.76,-1.093877082803582,-0.40840579120807063,-1.026425834314315,-2.1461579453839197
0,9.77,-1.1036955000318247,-0.4313717719126315,-0.9818417228242726,-2.296598070456085
0,9.78,-1.1129608263458373,-0.45586857452558466,-0.9265326314012556,-2.4496802612953172
0,9.790000000000001,-1.1215640688998236,-0.48192148452206296,-0.8603242553986368,-2.60529099964783
0,9.8,-1.129394484780036,-0.5095549246731961,-0.7830415880212271,-2.7633440151133115
0,9.81,-1.1363395990516978,-0.5387927415189362,-0.694511427166189,-2.9237816845740117
0,9.82,-1.1422852494707993,-0.5696584884481302,-0.5945650419101556,-3.086574692919397
0,9.83,-1.1471156595939043,-0.6021756843356381,-0.48304101231049223,-3.25171958875079
0,9.84,-1.1508849975272228,-0.6362259827922233,-0.3769337933318573,-3.405029845658525
0,9.85,-1.153725306882045,-0.6716912547344129,-0.2840309354822157,-3.5465271942189625
0,9.86,-1.1557676250427136,-0.7084535811703953,-0.2042318160668577,-3.6762326435982318
0,9.870000000000001,-1.1571422144542833,-0.7463952142635599,-0.137458941156976,-3.7941633093164673
0,9.88,-1.1579787667484112,-0.785398521048272,-0.08365522941278236,-3.900330678471209
0,9.89,-1.1584065832370005,-0.8253459208429836,-0.042781648858936094,-3.9947399794711624
0,9.9,-1.158554734322093,-0.8661198244048275,-0.014815108509247388,-4.0773903561843845
0,9.91,-1.1585525021554324,-0.9076025802376831,0.00022321666606206492,-4.148275583285566
0,9.92,-1.1584838051449091,-0.9496764312305394,0.006869701052325539,-4.207385099285621
0,9.93,-1.158392168468323,-0.9922234829826674,0.009163667658618202,-4.254705175212803
0,9.94,-1.158288535272521,-1.035125683776097,0.01036331958019776,-4.290220079342954
0,9.950000000000001,-1.158176850133487,-1.0782648151870755,0.011168513903392352,-4.313913141097858
0,9.96,-1.1580611234225895,-1.1215224917850724,0.011572671089754571,-4.325767659799684
0,9.97,-1.1582062797705728,-1.121466445517472,-0.014515634798328847,0.005604626760025155
0,9.98,-1.158499885608884,-1.121365272076752,-0.029360583831117282,0.010117344072013701
0,9.99,-1.1589453137588144,-1.1212298539123755,-0.04454281499304269,0.013541816437645515
0,10.0,-1.1595459926922533,-1.1210710270150346,-0.06006789334389584,0.01588268973409246
0,10.01,-1.1603053695681536,-1.120899563163801,-0.07593768759002195,0.017146385123356644
0,10.02,-1.161226860381309,-1.120726144494112,-0.09214908131554012,0.017341866968911823
0,10.03,-1.1623137872824183,-1.1205613306581468,-0.10869269011093419,0.016481383596511634
0,10.040000000000001,-1.163569303156662,-1.1204155188728542,-0.12555158742437733,0.014581178529260441
0,10.05,-1.164996303595957,-1.1202988971878869,-0.14270004392948898,0.011662168496728853
0,10.06,-1.1665973264700709,-1.1202213913564762,-0.16010228741139,0.007750583141064027
0,10.07,-1.1683744393957525,-1.1201926057564806,-0.1777112925681612,0.00287855999956399
0,10.08,-1.170329115522136,-1.1202217588854781,-0.19546761263835588,-0.0029153128997538857
0,10.09,-1.1724620981956504,-1.120317614040956,-0.2132982673514361,-0.009585515547794188
0,10.1,-1.1747732552383408,-1.1204884058916178,-0.23111570426903594,-0.01707918506617112
0,10.11,-1.1772614237691268,-1.1207417637450448,-0.2488168530786039,-0.025335785342694983
0,10.120000000000001,-1.1799242467163562,-1.1210846324157764,-0.2662822947229415,-0.03428686707316331
0,10.13,-1.1827580024095345,-1.121523191690847,-0.28337556931783414,-0.0438559275070638
0,10.14,-1.1857574288946073,-1.1220627754703416,-0.2999426485072787,-0.05395837794945901
0,10.15,-1.1889155448859412,-1.1227077917210624,-0.3158115991333865,-0.06450162507207757
0,10.16,-1.1922234695432081,-1.1234616444132561,-0.3307924657266925,-0.0753852692193746
0,10.17,-1.195670243535306,-1.1243266586039378,-0.3446773992097807,-0.08650141906816344
0,10.18,-1.1992426541176349,-1.1253040097749067,-0.3572410582328933,-0.09773511709689764
0,10.19,-1.2029250671930525,-1.1263936584176268,-0.3682413075417612,-0.1089648642720098
0,10.200000000000001,-1.2066992695388612,-1.1275942906682288,-0.3774202345808719,-0.12006322506019629
0,10.21,-1.2105443245487284,-1.128903265521078,-0.3845055009867204,-0.13089748528491985
0,10.22,-1.2144364449442153,-1.1303165687751329,-0.389212039548692,-0.1413303254054865
0,10.23,-1.2183531469435007,-1.1318107815374905,-0.3916701999285399,-0.14942127623576162
0,10.24,-1.2222644718195448,-1.133372411930813,-0.39113248760440644,-0.15616303933225772
0,10.25,-1.2261401708224349,-1.1349798020296866,-0.38756990028900873,-0.16073900988735623
0,10.26,-1.2299468677087033,-1.1366098090144552,-0.3806696886268446,-0.16300069847685617
0,10.27,-1.2336480563731904,-1.1382378238676085,-0.37011886644870984,-0.16280148531533367
0,10.28,-1.2372041271417147,-1.139837817682238,-0.35560707685242665,-0.15999938146293857
0,10.290000000000001,-1.2405724213998297,-1.1413824175086043,-0.3368294258115023,-0.1544599826366344
0,10.3,-1.2437073131571306,-1.1428430120071509,-0.31348917573008617,-0.14605944985466301
0,10.31,-1.2465603148353104,-1.144189885271844,-0.2853001678179812,-0.13468732646930714
0,10.32,-1.249080203006336,-1.1453923750168555,-0.2519888171025553,-0.12024897450115812
0,10.33,-1.2512131579833667,-1.1464190488662938,-0.21329549770308098,-0.102667384943822
0,10.34,-1.252902909074714,-1.1472378897401088,-0.16897510913471692,-0.08188408738150077
0,10.35,-1.2540908749500534,-1.1478164782857097,-0.11879658753395361,-0.05785885456008888
0,10.36,-1.2547162859459373,-1.1481221569696505,-0.06254109958838683,-0.03056786839408243
0,10.370000000000001,-1.2547162722719063,-1.1481221568339495,1.3674031018595656e-06,1.3570100598769841e-08
0,10.38,-1.2534734072440585,-1.148299791611556,0.12428650278477615,-0.01776347776065723
0,10.39,-1.251114218917685,-1.1487358633908635,0.2359188326373607,-0.043607177930748975
0,10.4,-1.247762958695991,-1.1495114267846058,0.33512602216938525,-0.07755633937422957
0,10.41,-1.2435418661086686,-1.150707748653992,0.4221092587322506,-0.11963218693862299
0,10.42,-1.2385715174817753,-1.1524062476624186,0.4970348626893273,-0.16984990084265572
0,10.43,-1.232971249045009,-1.1546884252026772,0.5600268436766198,-0.2282177540258612
0,10.44,-1.2268596422251157,-1.157635795575757,0.6111606819893423,-0.2947370373079794
0,10.450000000000001,-1.22035505627104,-1.1613298198648705,0.650458595407577,-0.36940242891134734
0,10.46,-1.2135761909709033,-1.165851844761882,0.6778865300136605,-0.45220248970114785
0,10.47,-1.2066426600700655,-1.171283044673134,0.6933530900837814,-0.543119991125196
0,10.48,-1.1996755540956496,-1.1777043627597277,0.6967105974415855,-0.6421318086593741
0,10.49,-1.1927979696442501,-1.1851964441508707,0.6877584451399521,-0.7492081391142991
0,10.5,-1.1861354808011852,-1.193839552402293,0.6662488843064862,-0.8643108251422227
0,10.51,-1.1798165272334737,-1.2037134583471192,0.6318953567711505,-0.9873905944826289
0,10.52,-1.1739742378146716,-1.214899601355422,0.584228941880216,-1.1186143008302896
0,10.53,-1.1687443908625983,-1.2274780760219108,0.5229846952073292,-1.257847466648876
0,10.540000000000001,-1.1643333880050561,-1.2415728662140602,0.44110028575421456,-1.409479019214932
0,10.55,-1.160612367265206,-1.257099437052073,0.3721020739850145,-1.5526570838012788
0,10.56,-1.1573472297064096,-1.2739475861787632,0.3265137558796427,-1.6848149126690304
0,10.57,-1.1543503470286463,-1.2920134193826636,0.2996882677763324,-1.8065833203900317
0,10.58,-1.1514384522441266,-1.311190489867529,0.29118947845196974,-1.91770704848655
0,10.59,-1.148427971728176,-1.331368375552275,0.3010480515950542,-2.0177885684745878
0,10.6,-1.1451339084649457,-1.352431965375746,0.329406326323034,-2.1063589823471007
0,10.61,-1.1413686835831849,-1.374260752007887,0.3765224881760787,-2.182878663214116
0,10.620000000000001,-1.1369409695974588,-1.3967281495479336,0.4427713985726056,-2.246739754004645
0,10.63,-1.1316545490130656,-1.4197008547468426,0.5286420584393214,-2.297270519890904
0,10.64,-1.125307232044072,-1.4430382702740772,0.6347316968993599,-2.333741552723456
0,10.65,-1.1176898671061053,-1.4665920085389323,0.761736493796672,-2.3553738264855184
0,10.66,-1.1085854774532684,-1.4902054945536387,0.9104389652836886,-2.3613486014706364
0,10.67,-1.0977685568077424,-1.513713686267225,1.0816920645525974,-2.35081917135862
0,10.68,-1.0850045560580914,-1.5369429306805904,1.2764000749651006,-2.322924441336549
0,10.69,-1.0700495920561022,-1.5597109738462522,1.4954964001989257,-2.2768043165661833
0,10.700000000000001,-1.0526504082021135,-1.5818271425290154,1.7399183853988642,-2.2116168682763115
0,10.71,-1.032544614858198,-1.6030927148210523,2.010579334391549,-2.126557229203696
0,10.72,-1.0094612356549022,-1.6233014963276164,2.308337920329584,-2.0208781506564133
0,10.73,-0.9831215834548769,-1.6422406176260458,2.633965220002532,-1.893912129842934
0,10.74,-0.9555047488900483,-1.6596650705414633,2.761683456482855,-1.7424452915417499
0,10.75,-0.9268704169921934,-1.6759693830566798,2.8634331897854914,-1.6304312515216468
0,10.76,-0.8977276980562435,-1.691713688099873,2.9142718935949885,-1.5744305043193352
0,10.77,-0.9018354275238791,-1.6956411045086988,-0.41077294676356013,-0.3927416408825657
0,10.78,-0.9067022737445799,-1.696054091559546,-0.4866846220700771,-0.04129870508471356
0,10.790000000000001,-0.9106198430132413,-1.6966608269066756,-0.39175692686613806,-0.060673534712973876
0,10.8,-0.9136934130900611,-1.697452847730244,-0.3073570076819854,-0.0792020823568329
0,10.81,-0.9160243928725212,-1.698421584447443,-0.23309797824601075,-0.09687367171991035
0,10.82,-0.9177099855291058,-1.6995582221748835,-0.16855926565845225,-0.11366377274404371
0,10.83,-0.9188430043797982,-1.700853540171607,-0.1133018850692391,-0.1295317996723444
0,10.84,-0.9195118176647784,-1.7022977338190335,-0.0668813284980252,-0.14441936474265393
0,10.85,-0.9198004006490247,-1.7038802237844215,-0.028858298424627726,-0.1582489965388012
0,10.86,-0.9197884756840075,-1.7055894571473624,0.0011924965017229283,-0.17092333629409318
0,10.870000000000001,-0.9195517228491412,-1.7074127054463593,0.023675283486623844,-0.18232482989968268
0,10.88,-0.9191620455964641,-1.7093358648251389,0.038967725267713416,-0.19231593787796264
0,10.89,-0.918687877402198,-1.7113432637247006,0.04741681942660447,-0.20073988995616965
0,10.9,-0.9181945167756473,-1.7134174838739444,0.049336062655069846,-0.2074220149243855
0,10.91,-0.9177444790825243,-1.7155392006733545,0.04500376931230177,-0.21217167994100894
0,10.92,-0.917397854504498,-1.7176870494342378,0.03466245780263666,-0.2147848760883253
0,10.93,-0.917212662082182,-1.719837524318814,0.018519242231596067,-0.21504748845762034
0,10.94,-0.9172451901815373,-1.7219649172086762,-0.0032528099355277895,-0.21273928898621897
0,10.950000000000001,-0.9175503138942275,-1.7240413040912408,-0.03051237126902029,-0.2076386882564618
0,10.96,-0.9181817798451749,-1.72603658687141,-0.06314659509474296,-0.19952827801692496
0,10.97,-0.9191924486538984,-1.7279185987590764,-0.10106688087234694,-0.1882011887666346
0,10.98,-0.9203911815704174,-1.729815848417081,-0.1198732916519063,-0.18972496580045295
0,10.99,-0.9215741205310737,-1.7318633286960217,-0.11829389606562435,-0.20474802789407498
0,11.0,-0.9226054503893397,-1.7341489345976566,-0.1031329858266039,-0.22856059016349572
0,11.01,-0.9234576108931827,-1.736698990236558,-0.0852160503842958,-0.2550055638901316
0,11.02,-0.9241644451488985,-1.7395124976825205,-0.07068342557158269,-0.28135074459625375
0,11.03,-0.924799760931399,-1.742575717577831,-0.0635315782500534,-0.3063219895310443
0,11.040000000000001,-0.9254415892519182,-1.7458742645672833,-0.06418283205191777,-0.3298546989452422
0,11.05,-0.926131611972068,-1.7494015915734984,-0.069002272014973,-0.3527327006215053
0,11.06,-0.9268865565530053,-1.7531571328654982,-0.07549445809373889,-0.3755541291999842
0,11.07,-0.9277133797992644,-1.7571436645980436,-0.08268232462590452,-0.3986531732545373
0,11.08,-0.9286108772704426,-1.7613673087791115,-0.08974974711781769,-0.42236441810679093
0,11.09,-0.9295507530599514,-1.7658415345041956,-0.09398757895088261,-0.44742257250840467
0,11.1,-0.9304094696491397,-1.7706008252847913,-0.08587165891883464,-0.4759290780595782
0,11.11,-0.9309925166692494,-1.7756017894268148,-0.05830470201096949,-0.5000964142023445
0,11.120000000000001,-0.9312347560857249,-1.780536322100952,-0.024223941647549818,-0.49345326741372375
0,11.13,-0.9312820491997119,-1.7850974742239814,-0.004729311398699032,-0.45611521230293217
0,11.14,-0.9312470494000359,-1.788978815866183,0.003499979967602762,-0.38813416422016633
0,11.15,-0.9311885447703808,-1.7918738394608231,0.005850462965506509,-0.28950235946401115
0,11.16,-0.9311444320412844,-1.793475431031412,0.004411272909643493,-0.16015915705889228
0,11.17,-0.9311443799251348,-1.7934754336706706,5.211614961808664e-06,-2.63925858945413e-07
0,11.18,-0.9300318109549416,-1.7928850404395433,0.1112568970193184,0.059039323112730635
0,11.19,-0.9290644824529485,-1.7917747463080962,0.09673285019931033,0.11102941314471426
0,11.200000000000001,-0.9283125359921002,-1.790214231591929,0.07519464608483073,0.15605147161672495
0,11.21,-0.9277461377378268,-1.788272185715663,0.05663982542734036,0.19420458762660076
0,11.22,-0.9273361965187106,-1.7860160599903978,0.04099412191161944,0.22561257252651234
0,11.23,-0.9270544776779174,-1.7835117714298638,0.02817188407931992,0.2504288560533974
0,11.24,-0.926873680361711,-1.7808233766084618,0.01807973162063492,0.26883948214020403
0,11.25,-0.9267674852044411,-1.7780127316965253,0.010619515726995044,0.28106449119364996
0,11.26,-0.9267105788952603,-1.7751391521118394,0.005690630918075978,0.2873579584685926
0,11.27,-0.9266786616240072,-1.7722590827159688,0.003191727125306798,0.2880069395870599
0,11.28,-0.9266484429013334,-1.769425787170205,0.0030218722673835963,0.28332955457637254
0,11.290000000000001,-0.9265976307306257,-1.7666890629570504,0.00508121707076814,0.2736724213154629
0,11.3,-0.926504918576166,-1.7640949866746831,0.009271215445971759,0.2594076282367297
0,11.31,-0.9263499740233004,-1.7616856925272304,0.015494455286557685,0.2409294147452723
0,11.32,-0.926113432462551,-1.75949918546442,0.02365415607494814,0.21865070628104277
0,11.33,-0.9257768985513991,-1.7575691891700176,0.03365339111518484,0.19299962944023807
0,11.34,-0.9253229576160976,-1.7559250280571856,0.045394093530148893,0.16441611128319433
0,11.35,-0.9247351985528324,-1.7545915415962343,0.05877590632652474,0.13334864609513275
0,11.36,-0.9239982491747093,-1.7535890286691587,0.07369493781230751,0.10025129270756494
0,11.370000000000001,-0.9230978243304785,-1.7529332192053646,0.09004248442308072,0.06558094637940659
0,11.38,-0.922020786495008,-1.7526352700889687,0.1077037835470529,0.02979491163959125
0,11.39,-0.9207552179029301,-1.7527017822188322,0.1265568592077826,-0.006651212986352739
0,11.4,-0.9192905026685625,-1.7531348356190435,0.14647152343676417,-0.04330534002112696
0,11.41,-0.9176174167104899,-1.7539320396010343,0.16730859580725843,-0.07972039819907906
0,11.42,-0.9157282226819029,-1.7550866004546015,0.18891940285870046,-0.11545608535672436
0,11.43,-0.9136167665023582,-1.7565874092678957,0.21114561795446685,-0.15008088132941744
0,11.44,-0.9112785714982807,-1.7584191525339898,0.23381950040775035,-0.18317432660941435
0,11.450000000000001,-0.9087109255944941,-1.760562448157298,0.2567645903786664,-0.21432956233080613
0,11.46,-0.9059129564647906,-1.7629940092997929,0.2797969129703426,-0.24315611424949868
0,11.47,-0.9028856890549768,-1.765686838185076,0.30272674098138497,-0.2692828885283216
0,11.48,-0.8996320794476442,-1.768610451493772,0.3253609607332564,-0.2923613308695838
0,11.49,-0.8961570186568434,-1.7717311383262442,0.34750607908008435,-0.31206868324722414
0,11.5,-0.8924672996378817,-1.7750122508706077,0.3689719018961646,-0.32811125443634737
0,11.51,-0.8885715405901508,-1.7784145268894165,0.38957590477309845,-0.3402276018808825
0,11.52,-0.8844800575394308,-1.781896441922109,0.4091483050719935,-0.3481915032692573
0,11.53,-0.8802046792335365,-1.7854145876877399,0.4275378305894306,-0.3518145765630809
0,11.540000000000001,-0.8757584975972832,-1.7889240715596524,0.44461816362533213,-0.3509483871912522
0,11.55,-0.8711555473980818,-1.7923789301672186,0.46029501992014277,-0.34548586075662246
0,11.56,-0.8664104094029126,-1.7957325481574293,0.47451379951691797,-0.3353617990210722
0,11.57,-0.8664872139983492,-1.7957329978487302,-0.007680459543657481,-4.4969130086336406e-05
0,11.58,-0.8666333838767727,-1.7957405420218588,-0.01461698784235299,-0.0007544173128648524
0,11.59,-0.8668415162129676,-1.7957618169546787,-0.020813233619487725,-0.0021274932819892456
0,11.6,-0.8671042291324335,-1.795803430499671,-0.02627129194658906,-0.004161354499232495
0,11.61,-0.8674141450199253,-1.7958719329659372,-0.030991588749185173,-0.006850246626610712
0,11.620000000000001,-0.8677638746905773,-1.7959737794780402,-0.03497296706519437,-0.010184651210298767
0,11.63,-0.868146004384508,-1.796115284487263,-0.03821296939306995,-0.014150500922283094
0,11.64,-0.8685530874575847,-1.7963025691070342,-0.040708307307679714,-0.01872846197712441
0,11.65,-0.8689776425178497,-1.7965415019458355,-0.04245550602649528,-0.02389328388012757
0,11.66,-0.8694121595978586,-1.796837634121651,-0.0434517080008856,-0.02961321758154778
0,11.67,-0.8698491157574137,-1.7971961291644258,-0.043695615955519074,-0.035849504277485345
0,11.68,-0.8702810012792362,-1.797621688548368,-0.043188552182249484,-0.04255593839421756
0,11.69,-0.8707003573532731,-1.7981184736444527,-0.04193560740368696,-0.04967850960846398
0,11.700000000000001,-0.8710998258458683,-1.7986900249443665,-0.03994684925952008,-0.05715512999138195
0,11.71,-0.8714722114213709,-1.7993391794786546,-0.03723855755025651,-0.06491545342881544
0,11.72,-0.8718105559305704,-1.8000679874314467,-0.03383445091995618,-0.07288079527920654
0,11.73,-0.8721082246086269,-1.8008776290385944,-0.0297668678056473,-0.0809641607147693
0,11.74,-0.8723590032422305,-1.8017683329413592,-0.025077863360356556,-0.08907039027648
0,11.75,-0.872557205080275,-1.8027392972494374,-0.019820183804453162,-0.09709643080781927
0,11.76,-0.872697785884388,-1.8037886146400244,-0.014058080411294416,-0.10493173905870012
0,11.77,-0.8727764651564516,-1.8049132028783146,-0.00786792720636198,-0.11245882382902028
0,11.78,-0.8727898512521063,-1.8061087421834734,-0.0013386095654710495,-0.11955393051588104
0,11.790000000000001,-0.8727355678053128,-1.8073696208765915,0.005428344679347941,-0.12608786931180838
0,11.8,-0.8726123786630993,-1.8086888907272334,0.012318914221354227,-0.1319269850641902
0,11.81,-0.8724203083756124,-1.8100582333566095,0.01920702874869118,-0.1369342629376158
0,11.82,-0.872160755218262,-1.8114679389520432,0.025955315735037843,-0.14097055954336302
0,11.83,-0.8718365937532102,-1.8129068983933119,0.032416146505176435,-0.14389594412687057
0,11.84,-0.8714522640785534,-1.8143626096812044,0.0384329674656847,-0.14557112878925693
0,11.85,-0.8710138451754204,-1.8158211992873294,0.04384189031330088,-0.14585896061249937
0,11.86,-0.8705291101536251,-1.8172674587077697,0.04847350217952462,-0.1446259420440299
0,11.870000000000001,-0.8700075617203497,-1.8186848960984314,0.052154843327545386,-0.1417437390661691
0,11.88,-0.8694604468551008,-1.8200558023948734,0.054711486524883224,-0.1370906296441987
0,11.89,-0.8689007504655433,-1.821361330773273,0.05596963895575513,-0.13055283783995897
0,11.9,-0.8683431687163791,-1.822581587692625,0.05575817491642043,-0.12202569193520141
0,11.91,-0.8678040637566508,-1.8236957330734174,0.05391049597283093,-0.11141453807923529
0,11.92,-0.8673014027051456,-1.8246820864184647,0.050266105150520435,-0.09863533450473749
0,11.93,-0.8668546849709176,-1.8255182348723538,0.04467177342279971,-0.08361484538890185
0,11.94,-0.8664848632656327,-1.8261811383533357,0.036982170528487845,-0.0662903480981969
0,11.950000000000001,-0.8662142649844305,-1.8266472259827926,0.027059828120212792,-0.04660876294568794
0,11.96,-0.8660665219706793,-1.8268924770904778,0.014774301375120036,-0.024525110768514047
0,11.97,-0.8660665180185189,-1.826892479096547,3.9521604877634786e-07,-2.006069310667158e-07
0,11.98,-0.8664048874178158,-1.82678730003623,-0.03383693992969894,0.010517906031703994
0,11.99,-0.8670048115834454,-1.8265938529677859,-0.059992416562959505,0.01934470684441525
0,12.0,-0.8677908558508759,-1.8263287301953703,-0.07860442674304524,0.026512277241552695
0,12.01,-0.8686890764317696,-1.8260081190703799,-0.08982205808937271,0.03206111249904886
0,12.02,-0.8696271830803974,-1.8256476864765308,-0.09381066486278122,0.036043259384910264
0,12.030000000000001,-0.8705347444884081,-1.825262441402156,-0.09075614080106265,0.03852450743746516
0,12.040000000000001,-0.871343424785588,-1.8248665839915603,-0.08086802971799534,0.039585741059577906
0,12.05,-0.8719872408693142,-1.8244733484734819,-0.06438160837262119,0.03932355180784608
0,12.06,-0.8724028315965618,-1.8240948463952935,-0.04155907272476167,0.03785020781883475
0,12.07,-0.872529731129003,-1.823741915653862,-0.012689953244116037,0.035293074143161185
0,12.08,-0.8723106399039221,-1.8234239799156062,0.021909122508090295,0.03179357382556702
0,12.09,-0.871691687793731,-1.8231489221667547,0.061895211019113994,0.02750577488515038
0,12.1,-0.8706226850007698,-1.8229229753371696,0.10690027929611823,0.02259468295850997
0,12.11,-0.8690573571022463,-1.8227506322039209,0.1565327898523483,0.01723431332487646
0,12.120000000000001,-0.8669535614079211,-1.822634576109845,0.21037956943251723,0.011605609407583373
0,12.13,-0.8642734824208241,-1.8225756334326966,0.268007898709699,0.005894267714845469
0,12.14,-0.8609838047040819,-1.8225727482165195,0.32896777167422675,0.000288521617708426
0,12.15,-0.8570558618645681,-1.822622978932081,0.39279428395138094,-0.0050230715561427886
0,12.16,-0.8524657606802607,-1.8227215169704358,0.459010118430736,-0.00985380383549117
0,12.17,-0.8471944796399538,-1.8228617261948974,0.5271281040306941,-0.01402092244615627
0,12.18,-0.8412279413510406,-1.8230352026829695,0.5966538288913137,-0.01734764880720885
0,12.19,-0.8345570584250239,-1.8232318536812053,0.6670882926016697,-0.019665099823584775
0,12.200000000000001,-0.827177752593853,-1.8234399947712459,0.7379305831170968,-0.02081410900405256
0,12.21,-0.8190909469660687,-1.8236464643016748,0.8086805627784299,-0.020646953042890992
0,12.22,-0.8103025315223691,-1.8238367542730112,0.8788415443699571,-0.019028997133641035
0,12.23,-0.8008233021966028,-1.8239951570648902,0.9479229325766281,-0.015840279187906425
0,12.24,-0.7906688742091288,-1.82410492765494,1.0154427987474013,-0.010977059004968481
0,12.25,-0.7798595707307575,-1.8241484612839778,1.080930347837128,-0.004353362903786184
0,12.26,-0.768430127389222,-1.824178135413672,1.1429443341535506,-0.0029674129694123863
0,12.27,-0.7564197042223969,-1.8241946296581446,1.2010423166825102,-0.0016494244472697872
0,12.280000000000001,-0.743871710956724,-1.8241983951563912,1.2547993265672908,-0.0003765498246544041
0,12.290000000000001,-0.7308336031193611,-1.8241898014205826,1.3038107837362922,0.0008593735808526404
0,12.3,-0.7173566463386816,-1.8241692469548725,1.3476956780679505,0.0020554465710143077
0,12.31,-0.7034956472036346,-1.824137234563144,1.3860999135047014,0.0032012391728564182
0,12.32,-0.6893086501564817,-1.8240944122389355,1.4186997047152872,0.004282232420838028
0,12.33,-0.6748566010846271,-1.8240415804565773,1.44520490718546,0.005283178235826469
0,12.34,-0.6602029795551219,-1.8239796665705699,1.4653621529505223,0.006191388600740311
0,12.35,-0.6454134029994985,-1.8239096668903605,1.4789576555623407,0.006999968020937608
0,12.36,-0.6305552076062765,-1.8238325568384108,1.4858195393221973,0.007711005194965814
